,scheduled_date_h,flight_num,scheduled_date,airport,destination,scheduled_time,airline,"('delay', 'median')"
0,4,IRC600,2022-01-24,Tehran,Mashhad,04:40:00,Aseman,
1,4,QSM1218,2022-01-24,Tehran,Bushehr,04:45:00,GheshmAir,
2,5,CPN020,2022-01-24,Tehran,Ahwaz,05:10:00,Caspian,
3,5,IRC862,2022-01-24,Tehran,Yazd,05:15:00,Aseman,
4,5,TBZ5668,2022-01-24,Tehran,Tabriz,05:15:00,Ata,
5,5,IRB961,2022-01-24,Mashhad,Tehran,05:30:00,IranAirTour,
6,5,IRM1050,2022-01-24,Kerman,Tehran,05:30:00,Mahan,20.0
7,5,TBZ5677,2022-01-24,Tehran,Urumia,05:30:00,Ata,
8,5,VRH5852,2022-01-24,Tehran,Ahwaz,05:35:00,Varsh,
9,6,KRU2531,2022-01-24,Ahwaz,Siri,06:00:00,Karun,
10,6,TBZ5699,2022-01-24,Mashhad,Tehran,06:00:00,Ata,
11,6,IRA236,2022-01-24,Tehran,Shiraz/BandarLengeh,06:10:00,IranAir,
12,6,IRC3770,2022-01-24,Shiraz,Tehran,06:10:00,Aseman,
13,6,IRZ182,2022-01-24,Tehran,BandarAbbas,06:10:00,Saha,
14,6,IRB956,2022-01-24,Tehran,Ahwaz,06:15:00,IranAirTour,
15,6,IRC3792,2022-01-24,Shiraz,BandarAbbas,06:15:00,Aseman,
16,6,IRM1016,2022-01-24,Tehran,Asaluyeh,06:15:00,Mahan,
17,6,VRH5816,2022-01-24,Tehran,BandarAbbas,06:15:00,Varsh,
18,6,IRA3409,2022-01-24,Tehran,Kermanshah,06:20:00,IranAir,
19,6,KIS7055,2022-01-24,Tehran,Kish,06:20:00,KishAir,24.5
20,6,QSM1256,2022-01-24,Tehran,Khark,06:20:00,GheshmAir,
21,6,CPN038,2022-01-24,Tehran,Shiraz,06:25:00,Caspian,
22,6,IRM1081,2022-01-24,Tehran,Mashhad,06:25:00,Mahan,
23,6,TBZ5601,2022-01-24,Tabriz,Tehran,06:25:00,Ata,
24,6,IRA292,2022-01-24,Tehran,Yazd,06:30:00,IranAir,
25,6,SHI4311,2022-01-24,Mashhad,Tehran,06:30:00,Sepehran,
26,6,TBZ5629,2022-01-24,Tehran,Mashhad,06:30:00,Ata,
27,6,VRH5858,2022-01-24,Tehran,Chabahar,06:30:00,Varsh,
28,6,IRZ130,2022-01-24,Tehran,Ahwaz,06:35:00,Saha,
29,6,KRU2628,2022-01-24,Tehran,Shiraz,06:35:00,Karun,
30,6,TBN6283,2022-01-24,Tehran,Shiraz,06:40:00,Taban,
31,6,IRC3914,2022-01-24,Tehran,Bushehr,06:45:00,Aseman,
32,6,PRS4410,2022-01-24,Tehran,IranShahr,06:45:00,ParsAir,
33,6,MRJ2816,2022-01-24,Tehran,Asaluyeh,06:50:00,Meraj,
34,6,IZG4051,2022-01-24,Tehran,Kish,06:55:00,Zagros,24.5
35,7,IRB948,2022-01-24,Mashhad,Kish,07:00:00,IranAirTour,
36,7,IZG4035,2022-01-24,Tehran,Gheshm,07:00:00,Zagros,
37,7,KRU2671,2022-01-24,Ahwaz,Shiraz,07:00:00,Karun,
38,7,PRS4402,2022-01-24,Tehran,Birjand,07:00:00,ParsAir,
39,7,TBN6221,2022-01-24,Mashhad,Tehran,07:00:00,Taban,
40,7,FPI7436,2022-01-24,Tehran,Mahshahr,07:05:00,FlyPersia,
41,7,IRC850,2022-01-24,Tehran,Zahedan,07:05:00,Aseman,
42,7,VRH5820,2022-01-24,Tehran,Kish,07:05:00,Varsh,
43,7,CPN021,2022-01-24,Ahwaz,Tehran,07:10:00,Caspian,
44,7,IRA3310,2022-01-24,Tehran,Isfahan,07:10:00,IranAir,
45,7,TBZ5667,2022-01-24,Tabriz,Tehran,07:10:00,Ata,
46,7,QSM1279,2022-01-24,Bushehr,Khark,07:15:00,GheshmAir,
47,7,IRA3331,2022-01-24,Tehran,Rasht,07:20:00,IranAir,
48,7,IRC601,2022-01-24,Mashhad,Tehran,07:25:00,Aseman,
49,7,IRC863,2022-01-24,Yazd,Tehran,07:30:00,Aseman,
50,7,TBZ5678,2022-01-24,Urumia,Tehran,07:30:00,Ata,
51,7,CPN022,2022-01-24,Tehran,Mashhad,07:35:00,Caspian,
52,7,TBN6261,2022-01-24,Tehran,Kish,07:35:00,Taban,
53,7,PYA2310,2022-01-24,Tehran,Gorgan,07:40:00,Pouya,
54,7,IRB960,2022-01-24,Tehran,Mashhad,07:45:00,IranAirTour,
55,7,IZG4107,2022-01-24,Mashhad,Kish,07:50:00,Zagros,
56,8,IRB957,2022-01-24,Ahwaz,Tehran,08:00:00,IranAirTour,
57,8,SHI4335,2022-01-24,Mashhad,Kish,08:00:00,Sepehran,
58,8,VRH5853,2022-01-24,Ahwaz,Tehran,08:00:00,Varsh,
59,8,IRM1051,2022-01-24,Tehran,Kerman,08:10:00,Mahan,
60,8,IRA236,2022-01-24,Shiraz,BandarLengeh,08:20:00,IranAir,
61,8,IRM4520,2022-01-24,Tehran,Gachsaran,08:20:00,Mahan,
62,8,TBZ5602,2022-01-24,Tehran,Tabriz,08:20:00,Ata,
63,8,CPN039,2022-01-24,Shiraz,Tehran,08:25:00,Caspian,
64,8,IRC3771,2022-01-24,Tehran,Shiraz,08:25:00,Aseman,
65,8,IRZ131,2022-01-24,Ahwaz,Tehran,08:25:00,Saha,
66,8,IRA293,2022-01-24,Yazd,Tehran,08:30:00,IranAir,
67,8,IRA3408,2022-01-24,Kermanshah,Tehran,08:30:00,IranAir,
68,8,IRM4560,2022-01-24,Isfahan,Tabriz,08:30:00,Mahan,
69,8,KIS7087,2022-01-24,Tehran,Tabriz,08:30:00,KishAir,
70,8,MRJ2802,2022-01-24,Tehran,Mashhad,08:30:00,Meraj,
71,8,SHI4343,2022-01-24,Mashhad,BandarAbbas,08:30:00,Sepehran,
72,8,QSM1280,2022-01-24,Tehran,Isfahan,08:35:00,GheshmAir,
73,8,TBZ5627,2022-01-24,Tehran,Ahwaz,08:35:00,Ata,
74,8,KRU2578,2022-01-24,Shiraz,Lavan,08:40:00,Karun,
75,8,TBZ5663,2022-01-24,Mashhad,Urumia,08:40:00,Ata,
76,8,KRU2670,2022-01-24,Shiraz,Ahwaz,08:45:00,Karun,
77,8,IRC3915,2022-01-24,Bushehr,Tehran,08:50:00,Aseman,
78,8,IRA3315,2022-01-24,Rasht,Tabriz,08:55:00,IranAir,
79,8,PRS4403,2022-01-24,Birjand,Tehran,08:55:00,ParsAir,
80,9,IRM4569,2022-01-24,Tehran,Bojnourd,09:00:00,Mahan,
81,9,IRA3423,2022-01-24,Isfahan,Ramsar,09:10:00,IranAir,
82,9,SHI4310,2022-01-24,Tehran,Mashhad,09:10:00,Sepehran,
83,9,TBZ5675,2022-01-24,Tabriz,Ahwaz,09:10:00,Ata,
84,9,IRA3376,2022-01-24,Shiraz,Kish,09:15:00,IranAir,
85,9,IZG4117,2022-01-24,Mashhad,Kermanshah,09:15:00,Zagros,
86,9,TBN6293,2022-01-24,Tehran,Gheshm,09:15:00,Taban,
87,9,CPN6986,2022-01-24,Tehran,Zahedan,09:20:00,Caspian,
88,9,PYA2312,2022-01-24,Gorgan,BandarAbbas,09:20:00,Pouya,
89,9,IRA273,2022-01-24,Tehran,Urumia,09:25:00,IranAir,
90,9,TBZ5687,2022-01-24,Tehran,Bushehr,09:30:00,Ata,
91,9,IRC3973,2022-01-24,Sari,Mashhad,09:35:00,Aseman,
92,9,IRC630,2022-01-24,Tehran,Gorgan,09:35:00,Aseman,
93,9,IRC852,2022-01-24,Zahedan,Mashhad,09:35:00,Aseman,
94,9,CPN6958,2022-01-24,Mashhad,Isfahan,09:40:00,Caspian,
95,10,IRB950,2022-01-24,Mashhad,Tabriz,10:00:00,IranAirTour,
96,10,TBZ5691,2022-01-24,Tehran,Gheshm,10:00:00,Ata,
97,10,IRC840,2022-01-24,Tehran,Ilam,10:05:00,Aseman,
98,10,QSM1219,2022-01-24,Bushehr,Tehran,10:05:00,GheshmAir,
99,10,QSM1306,2022-01-24,Shiraz,Khark,10:05:00,GheshmAir,
100,10,IRB916,2022-01-24,Tehran,Kish,10:10:00,IranAirTour,
101,10,KRU2511,2022-01-24,Ahwaz,Zahedan,10:15:00,Karun,
102,10,VRH5840,2022-01-24,Tehran,Mashhad,10:15:00,Varsh,
103,10,IRA345,2022-01-24,Tehran,Tabriz,10:20:00,IranAir,
104,10,QSM1238,2022-01-24,Isfahan,Khark,10:20:00,GheshmAir,
105,10,TBZ5607,2022-01-24,Tabriz,Tehran,10:20:00,Ata,
106,10,CPN6960,2022-01-24,Tehran,BandarAbbas,10:25:00,Caspian,
107,10,CPN044,2022-01-24,Tehran,Kish,10:30:00,Caspian,
108,10,KIS7086,2022-01-24,Tabriz,Tehran,10:30:00,KishAir,
109,10,TBZ5628,2022-01-24,Ahwaz,Tehran,10:30:00,Ata,
110,10,IRC3804,2022-01-24,Shiraz,Kish,10:35:00,Aseman,
111,10,IRC3812,2022-01-24,Shiraz,Tabriz,10:35:00,Aseman,
112,10,IRA3351,2022-01-24,Tehran,Ilam,10:40:00,IranAir,
113,10,SHI4330,2022-01-24,Tehran,Gheshm,10:45:00,Sepehran,
114,11,IRA441,2022-01-24,Mashhad,Kish,11:00:00,IranAir,
115,11,IRM4568,2022-01-24,Bojnourd,Tehran,11:00:00,Mahan,
116,11,IRM4594,2022-01-24,Kerman,Kish,11:00:00,Mahan,
117,11,MRJ2818,2022-01-24,Tehran,Kish,11:00:00,Meraj,
118,11,IRA3314,2022-01-24,Tabriz,Rasht,11:05:00,IranAir,
119,11,IRC631,2022-01-24,Gorgan,Tehran,11:10:00,Aseman,
120,11,IRC602,2022-01-24,Tehran,Mashhad,11:15:00,Aseman,
121,11,KIS7121,2022-01-24,Yazd,Kish,11:15:00,KishAir,
122,11,IZG4004,2022-01-24,Isfahan,Kish,11:30:00,Zagros,
123,11,KIS7073,2022-01-24,Mashhad,Kish,11:30:00,KishAir,
124,11,KRU2629,2022-01-24,Shiraz,Tehran,11:30:00,Karun,
125,11,PRS4400,2022-01-24,Tehran,Yasooj,11:30:00,ParsAir,
126,11,IRA272,2022-01-24,Urumia,Tehran,11:35:00,IranAir,
127,11,IRC853,2022-01-24,Mashhad,Zahedan,11:40:00,Aseman,
128,11,SHI4336,2022-01-24,Mashhad,Gheshm,11:40:00,Sepehran,
129,11,TBZ5664,2022-01-24,Urumia,Mashhad,11:40:00,Ata,
130,11,IRC841,2022-01-24,Ilam,Tehran,11:50:00,Aseman,
131,11,TBZ5688,2022-01-24,Bushehr,Tehran,11:50:00,Ata,
132,11,IRA237,2022-01-24,Shiraz,Tehran,11:55:00,IranAir,
133,12,CPN6959,2022-01-24,Isfahan,Mashhad,12:00:00,Caspian,
134,12,IZG4116,2022-01-24,Kermanshah,Mashhad,12:00:00,Zagros,
135,12,KIS7121,2022-01-24,Yazd,Kish,12:00:00,KishAir,
136,12,VRH5814,2022-01-24,Tehran,BandarAbbas,12:00:00,Varsh,
137,12,CPN6987,2022-01-24,Zahedan,Tehran,12:05:00,Caspian,
138,12,KIS7023,2022-01-24,Isfahan,Kish,12:15:00,KishAir,
139,12,VRH5818,2022-01-24,Tehran,Mashhad,12:15:00,Varsh,
140,12,IRA344,2022-01-24,Tabriz,Tehran,12:25:00,IranAir,
141,12,MRJ2814,2022-01-24,Tehran,Chabahar,12:25:00,Meraj,
142,12,IRB926,2022-01-24,Rasht,Kish,12:30:00,IranAirTour,
143,12,TBZ5698,2022-01-24,Tehran,Mashhad,12:30:00,Ata,
144,12,VRH5802,2022-01-24,Mashhad,Sari,12:30:00,Varsh,
145,12,IRA3330,2022-01-24,Rasht,Tehran,12:35:00,IranAir,
146,12,TBZ5608,2022-01-24,Tehran,Tabriz,12:35:00,Ata,
147,12,PRS4412,2022-01-24,Tehran,Jahrom,12:40:00,ParsAir,
148,12,IRB951,2022-01-24,Tabriz,Mashhad,12:45:00,IranAirTour,
149,12,KIS7053,2022-01-24,Tehran,Kish,12:45:00,KishAir,
150,12,IRA3350,2022-01-24,Ilam,Tehran,12:50:00,IranAir,
151,12,VRH5866,2022-01-24,Tehran,Isfahan,12:50:00,Varsh,
152,13,IRC3813,2022-01-24,Tabriz,Shiraz,13:00:00,Aseman,
153,13,IRM4572,2022-01-24,Tehran,Ilam,13:10:00,Mahan,
154,13,IRC620,2022-01-24,Tehran,Kermanshah,13:15:00,Aseman,
155,13,KRU2510,2022-01-24,Zahedan,Ahwaz,13:15:00,Karun,
156,13,IRM1018,2022-01-24,Tehran,Asaluyeh,13:20:00,Mahan,
157,13,IZG4036,2022-01-24,Kermanshah,Kish,13:20:00,Zagros,
158,13,IRC3736,2022-01-24,Mashhad,Abadan,13:30:00,Aseman,
159,13,TBN6227,2022-01-24,Tehran,Gheshm,13:30:00,Taban,
160,13,IRA3311,2022-01-24,Isfahan,Tehran,13:40:00,IranAir,
161,13,IRM4561,2022-01-24,Isfahan,Kerman,13:40:00,Mahan,
162,13,IRC851,2022-01-24,Zahedan,Tehran,13:45:00,Aseman,
163,13,IZG4043,2022-01-24,Tehran,Kerman,13:50:00,Zagros,45.0
164,13,TBZ5609,2022-01-24,Tabriz,Tehran,13:50:00,Ata,
165,13,SHI4356,2022-01-24,Mashhad,Tabriz,13:55:00,Sepehran,
166,13,TBZ5659,2022-01-24,Tehran,Kish,13:55:00,Ata,
167,14,IRC3844,2022-01-24,Tehran,Ilam,14:10:00,Aseman,
168,14,IRM1043,2022-01-24,Tehran,Kish,14:10:00,Mahan,
169,14,QSM1281,2022-01-24,Isfahan,Tehran,14:10:00,GheshmAir,
170,14,CPN023,2022-01-24,Mashhad,Tehran,14:15:00,Caspian,
171,14,TBN6263,2022-01-24,Tehran,Kish,14:20:00,Taban,
172,14,IRZ170,2022-01-24,Tehran,Mashhad,14:25:00,Saha,
173,14,TBN6284,2022-01-24,Shiraz,Tehran,14:30:00,Taban,
174,14,VRH5803,2022-01-24,Sari,Mashhad,14:30:00,Varsh,
175,14,VRH5819,2022-01-24,Mashhad,Tehran,14:30:00,Varsh,
176,14,IRZ174,2022-01-24,Tehran,Kish,14:35:00,Saha,
177,14,IRC621,2022-01-24,Kermanshah,Tehran,14:40:00,Aseman,
178,14,IRM1026,2022-01-24,Tehran,Ardabil,14:40:00,Mahan,
179,14,TBZ5630,2022-01-24,Mashhad,Tehran,14:40:00,Ata,
180,14,IRM1080,2022-01-24,Mashhad,Tehran,14:45:00,Mahan,
181,14,QSM1220,2022-01-24,Tehran,BandarAbbas,14:45:00,GheshmAir,
182,14,FPI7414,2022-01-24,Tehran,Mahshahr,14:50:00,FlyPersia,
183,14,KRU2547,2022-01-24,Ahwaz,Khark,14:50:00,Karun,
184,14,PYA2311,2022-01-24,Gorgan,Tehran,14:50:00,Pouya,
185,14,IRA216,2022-01-24,Tehran,Birjand,14:55:00,IranAir,
186,15,TBZ5641,2022-01-24,Mashhad,Ahwaz,15:00:00,Ata,
187,15,IRA3370,2022-01-24,Tehran,Rafsanjan,15:05:00,IranAir,
188,15,IZG4021,2022-01-24,Tehran,Ahwaz,15:05:00,Zagros,
189,15,CPN6984,2022-01-24,Tehran,Kish,15:20:00,Caspian,
190,15,CPN048,2022-01-24,Tehran,Shiraz,15:30:00,Caspian,
191,15,IRM4573,2022-01-24,Ilam,Tehran,15:30:00,Mahan,
192,15,IZG4135,2022-01-24,Mashhad,Gheshm,15:30:00,Zagros,
193,15,QSM1299,2022-01-24,Shiraz,Tehran,15:30:00,GheshmAir,
194,15,TBN6257,2022-01-24,Mashhad,Tehran,15:30:00,Taban,
195,15,IRC3768,2022-01-24,Shiraz,Tehran,15:35:00,Aseman,
196,15,IRM1054,2022-01-24,Kerman,Tehran,15:40:00,Mahan,
197,15,IRB924,2022-01-24,Mashhad,Shiraz,15:45:00,IranAirTour,
198,15,KIS7089,2022-01-24,Tehran,BandarAbbas,15:50:00,KishAir,
199,15,CPN026,2022-01-24,Tehran,Mashhad,15:55:00,Caspian,
200,15,IRC3845,2022-01-24,Ilam,Tehran,15:55:00,Aseman,
201,16,IRB972,2022-01-24,Tabriz,Kish,16:00:00,IranAirTour,
202,16,PRS4406,2022-01-24,Tehran,Shiraz,16:00:00,ParsAir,
203,16,TBZ5603,2022-01-24,Tabriz,Tehran,16:00:00,Ata,
204,16,IRC3737,2022-01-24,Abadan,Mashhad,16:15:00,Aseman,
205,16,IRC818,2022-01-24,Shiraz,Zahedan,16:15:00,Aseman,
206,16,IZG4042,2022-01-24,Kerman,Tehran,16:15:00,Zagros,
207,16,KIS7061,2022-01-24,Shiraz,Kish,16:15:00,KishAir,
208,16,MRJ2864,2022-01-24,Isfahan,Kish,16:15:00,Meraj,
209,16,IRA234,2022-01-24,Tehran,Shiraz,16:25:00,IranAir,
210,16,IRC822,2022-01-24,Tehran,Asaluyeh,16:30:00,Aseman,
211,16,IRZ171,2022-01-24,Mashhad,Tehran,16:30:00,Saha,
212,16,VRH5854,2022-01-24,Mashhad,Isfahan,16:30:00,Varsh,
213,16,TBZ5613,2022-01-24,Tehran,Isfahan,16:35:00,Ata,
214,16,IRA3471,2022-01-24,Tehran,Ahwaz,16:45:00,IranAir,
215,16,IRM1027,2022-01-24,Ardabil,Tehran,16:45:00,Mahan,
216,16,VRH5836,2022-01-24,Tehran,Shiraz,16:45:00,Varsh,
217,16,KRU2610,2022-01-24,Tehran,Dezfoul,16:50:00,Karun,
218,16,SHI4357,2022-01-24,Tabriz,Mashhad,16:50:00,Sepehran,
219,16,IRC3854,2022-01-24,Tehran,Urumia,16:55:00,Aseman,
220,17,IZG4020,2022-01-24,Ahwaz,Tehran,17:05:00,Zagros,
221,17,PRS4442,2022-01-24,Tehran,Yazd,17:10:00,ParsAir,
222,17,IRA217,2022-01-24,Birjand,Tehran,17:15:00,IranAir,
223,17,KIS7081,2022-01-24,Tehran,Kish,17:15:00,KishAir,
224,17,IRM1073,2022-01-24,Tehran,Sirjan,17:20:00,Mahan,
225,17,IRC832,2022-01-24,Tehran,Ahwaz,17:30:00,Aseman,
226,17,CPN6919,2022-01-24,Shiraz,Mashhad,17:35:00,Caspian,
227,17,IRA3318,2022-01-24,Tehran,Sari,17:35:00,IranAir,
228,17,KRU2623,2022-01-24,Ahwaz,Isfahan,17:40:00,Karun,
229,17,TBN6297,2022-01-24,Tehran,Kish,17:40:00,Taban,
230,17,SHI4332,2022-01-24,Tehran,BandarAbbas,17:45:00,Sepehran,
231,17,SHI4345,2022-01-24,Mashhad,Kish,17:45:00,Sepehran,
232,17,VRH5826,2022-01-24,Sari,BandarAbbas,17:45:00,Varsh,
233,17,IRC3769,2022-01-24,Tehran,Shiraz,17:50:00,Aseman,
234,17,MRJ2862,2022-01-24,Isfahan,Mashhad,17:50:00,Meraj,
235,17,IRC3806,2022-01-24,Shiraz,Kish,17:55:00,Aseman,
236,18,CPN6904,2022-01-24,Mashhad,Isfahan,18:00:00,Caspian,
237,18,IRB925,2022-01-24,Shiraz,Mashhad,18:00:00,IranAirTour,
238,18,IZG4071,2022-01-24,Tehran,Kish,18:00:00,Zagros,
239,18,QSM1268,2022-01-24,Tehran,Gheshm,18:00:00,GheshmAir,
240,18,TBZ5636,2022-01-24,Ahwaz,Tehran,18:00:00,Ata,
241,18,TBZ5604,2022-01-24,Tehran,Tabriz,18:05:00,Ata,
242,18,IRC624,2022-01-24,Tehran,Kermanshah,18:10:00,Aseman,
243,18,PRS4448,2022-01-24,Shiraz,Kermanshah,18:10:00,ParsAir,
244,18,QSM1298,2022-01-24,Tehran,Shiraz,18:10:00,GheshmAir,
245,18,IRC639,2022-01-24,Zahedan,Gorgan,18:15:00,Aseman,
246,18,IRM1055,2022-01-24,Tehran,Kerman,18:20:00,Mahan,20.0
247,18,IRB900,2022-01-24,Mashhad,Tabriz,18:30:00,IranAirTour,
248,18,KIS7099,2022-01-24,Sari,Kish,18:30:00,KishAir,
249,18,TBZ5614,2022-01-24,Isfahan,Tehran,18:30:00,Ata,
250,18,TBZ5654,2022-01-24,Isfahan,Kish,18:30:00,Ata,
251,18,MRJ2820,2022-01-24,Tehran,Kish,18:35:00,Meraj,
252,18,IRZ156,2022-01-24,Tehran,Shiraz,18:40:00,Saha,
253,18,IRC3855,2022-01-24,Urumia,Tehran,18:45:00,Aseman,
254,18,IRM4577,2022-01-24,Tehran,Bam,18:50:00,Mahan,
255,18,PRS4443,2022-01-24,Yazd,Tehran,18:55:00,ParsAir,
256,18,TBN6304,2022-01-24,Tehran,Mashhad,18:55:00,Taban,
257,19,IRC618,2022-01-24,Mashhad,Yazd,19:00:00,Aseman,
258,19,SEP2702,2022-01-24,Tehran,Shiraz/Zahedan,19:00:00,GhadrAir,
259,19,TBN6245,2022-01-24,Tehran,Ahwaz,19:00:00,Taban,
260,19,VRH5837,2022-01-24,Shiraz,Tehran,19:00:00,Varsh,
261,19,VRH5855,2022-01-24,Isfahan,Mashhad,19:00:00,Varsh,
262,19,FPI7416,2022-01-24,Tehran,Kish,19:05:00,FlyPersia,
263,19,IRA3336,2022-01-24,Ahwaz,Isfahan,19:05:00,IranAir,
264,19,IRA3368,2022-01-24,Sari,Mashhad,19:05:00,IranAir,
265,19,IZG4049,2022-01-24,Tehran,Zahedan,19:05:00,Zagros,
266,19,CPN6939,2022-01-24,Abadan,Tehran,19:15:00,Caspian,
267,19,IRC3872,2022-01-24,Ahwaz,Isfahan,19:15:00,Aseman,
268,19,KRU2622,2022-01-24,Isfahan,Ahwaz,19:20:00,Karun,
269,19,IRZ172,2022-01-24,Tehran,Bushehr,19:25:00,Saha,
270,19,IZG4019,2022-01-24,Tehran,BandarAbbas,19:25:00,Zagros,
271,19,TBZ5620,2022-01-24,Mashhad,Tehran,19:30:00,Ata,
272,19,IRC625,2022-01-24,Kermanshah,Tehran,19:40:00,Aseman,
273,19,TBZ5623,2022-01-24,Tehran,Shiraz,19:40:00,Ata,
274,19,TBN6222,2022-01-24,Tehran,Mashhad,19:45:00,Taban,
275,19,IRA458,2022-01-24,Tehran,BandarAbbas,19:50:00,IranAir,
276,19,SHI4341,2022-01-24,Mashhad,Tehran,19:50:00,Sepehran,
277,19,TBZ5635,2022-01-24,Tehran,Ahwaz,19:55:00,Ata,
278,20,TBZ5605,2022-01-24,Tabriz,Tehran,20:00:00,Ata,
279,20,CPN6918,2022-01-24,Mashhad,Shiraz,20:05:00,Caspian,
280,20,IRB963,2022-01-24,Mashhad,Tehran,20:15:00,IranAirTour,
281,20,IRC3890,2022-01-24,Shiraz,Ahwaz,20:20:00,Aseman,
282,20,IRC638,2022-01-24,Gorgan,Zahedan,20:20:00,Aseman,
283,20,CPN6905,2022-01-24,Isfahan,Mashhad,20:25:00,Caspian,
284,20,IRA3417,2022-01-24,Tehran,Dezfoul,20:25:00,IranAir,
285,20,PRS4447,2022-01-24,Kermanshah,Shiraz,20:25:00,ParsAir,
286,20,PRS4449,2022-01-24,Kermanshah,Shiraz,20:25:00,ParsAir,
287,20,TBZ5680,2022-01-24,Tehran,Urumia,20:30:00,Ata,
288,20,QSM1224,2022-01-24,Tehran,Kish,20:35:00,GheshmAir,
289,20,CPN6951,2022-01-24,Yazd,Tehran,20:40:00,Caspian,
290,20,IRC3873,2022-01-24,Isfahan,Ahwaz,20:40:00,Aseman,
291,20,IRZ157,2022-01-24,Shiraz,Tehran,20:40:00,Saha,
292,20,KIS7125,2022-01-24,Tehran,Kish,20:45:00,KishAir,
293,20,KRU2616,2022-01-24,Tehran,Ahwaz,20:45:00,Karun,
294,20,IRA3337,2022-01-24,Isfahan,Ahwaz,20:50:00,IranAir,
295,20,IRC824,2022-01-24,Tehran,Shiraz,20:55:00,Aseman,
296,21,IRM1052,2022-01-24,Kerman,Tehran,21:00:00,Mahan,
297,21,IZG4056,2022-01-24,Mashhad,Tehran,21:00:00,Zagros,
298,21,KRU2645,2022-01-24,Ahwaz,Tehran,21:00:00,Karun,
299,21,PRS4456,2022-01-24,Tehran,Sirjan,21:00:00,ParsAir,
300,21,SHI4366,2022-01-24,Mashhad,Abadan,21:00:00,Sepehran,
301,21,TBN6303,2022-01-24,Mashhad,Tehran,21:00:00,Taban,
302,21,TBN6246,2022-01-24,Ahwaz,Tehran,21:05:00,Taban,
303,21,VRH5872,2022-01-24,Tehran,Bushehr,21:05:00,Varsh,
304,21,IRA3369,2022-01-24,Mashhad,Sari,21:10:00,IranAir,
305,21,IRC619,2022-01-24,Yazd,Mashhad,21:10:00,Aseman,
306,21,CPN018,2022-01-24,Tehran,Ahwaz,21:15:00,Caspian,
307,21,IRB901,2022-01-24,Tabriz,Mashhad,21:30:00,IranAirTour,
308,21,VRH5841,2022-01-24,Mashhad,Tehran,21:30:00,Varsh,
309,21,IRC3724,2022-01-24,Tehran,Yazd,21:40:00,Aseman,
310,21,IRZ173,2022-01-24,Bushehr,Tehran,21:40:00,Saha,
311,21,IRC3750,2022-01-24,Tehran,Abadan,21:50:00,Aseman,
312,21,IRC3818,2022-01-24,Shiraz,Abadan,21:50:00,Aseman,
313,21,IZG4048,2022-01-24,Zahedan,Tehran,21:50:00,Zagros,
314,22,IRC3891,2022-01-24,Ahwaz,Shiraz,22:00:00,Aseman,
315,22,TBZ5606,2022-01-24,Tehran,Tabriz,22:00:00,Ata,
316,22,TBZ5624,2022-01-24,Shiraz,Tehran,22:00:00,Ata,
317,22,TBZ5640,2022-01-24,Ahwaz,Mashhad,22:00:00,Ata,
318,22,IZG4017,2022-01-24,Tehran,Ahwaz,22:05:00,Zagros,
319,22,IRC833,2022-01-24,Ahwaz,Tehran,22:10:00,Aseman,
320,22,TBZ5619,2022-01-24,Tehran,Mashhad,22:10:00,Ata,
321,22,SHI4340,2022-01-24,Tehran,Mashhad,22:20:00,Sepehran,
322,22,TBZ5679,2022-01-24,Urumia,Tehran,22:30:00,Ata,
323,22,CPN027,2022-01-24,Mashhad,Tehran,22:40:00,Caspian,
324,22,CPN049,2022-01-24,Shiraz,Tehran,22:40:00,Caspian,
325,22,KRU2617,2022-01-24,Ahwaz,Tehran,22:40:00,Karun,
326,22,IRC819,2022-01-24,Zahedan,Shiraz,22:45:00,Aseman,
327,22,KIS7129,2022-01-24,Tehran,Kish,22:45:00,KishAir,
328,22,PRS4407,2022-01-24,Shiraz,Tehran,22:45:00,ParsAir,
329,22,KIS7151,2022-01-24,Tehran,Shiraz,22:50:00,KishAir,
330,22,IRA3470,2022-01-24,Ahwaz,Tehran,22:55:00,IranAir,
331,22,KRU2644,2022-01-24,Tehran,Ahwaz,22:55:00,Karun,
332,23,IRB964,2022-01-24,Tehran,Mashhad,23:00:00,IranAirTour,
333,23,VRH5873,2022-01-24,Bushehr,Tehran,23:00:00,Varsh,
334,23,CPN019,2022-01-24,Ahwaz,Tehran,23:10:00,Caspian,
335,23,IRC603,2022-01-24,Mashhad,Tehran,23:10:00,Aseman,
336,23,IRC825,2022-01-24,Shiraz,Tehran,23:10:00,Aseman,
337,23,IRA235,2022-01-24,Shiraz,Tehran,23:15:00,IranAir,
338,23,IRB977,2022-01-24,Abadan,Mashhad,23:15:00,IranAirTour,
339,23,IRC3725,2022-01-24,Yazd,Tehran,23:20:00,Aseman,
340,23,IZG4057,2022-01-24,Tehran,Mashhad,23:30:00,Zagros,
341,23,IRA3319,2022-01-24,Sari,Tehran,23:40:00,IranAir,
342,23,IRM1053,2022-01-24,Tehran,Kerman,23:40:00,Mahan,
343,23,IRC3819,2022-01-24,Abadan,Shiraz,23:45:00,Aseman,
344,23,IZG4016,2022-01-24,Ahwaz,Tehran,23:45:00,Zagros,
345,23,SHI4367,2022-01-24,Abadan,Mashhad,23:45:00,Sepehran,
346,23,TBN6258,2022-01-24,Tehran,Mashhad,23:45:00,Taban,
347,23,FPI7401,2022-01-24,Tehran,Shiraz,23:55:00,FlyPersia,
348,23,IRC3751,2022-01-24,Abadan,Tehran,23:55:00,Aseman,
349,2,MRJ2803,2022-01-25,Mashhad,Tehran,02:00:00,Meraj,
350,4,TBZ5625,2022-01-25,Tehran,Yazd,04:55:00,Ata,
351,5,CPN038,2022-01-25,Tehran,Shiraz,05:00:00,Caspian,
352,5,IRC3768,2022-01-25,Shiraz,Tehran,05:00:00,Aseman,
353,5,VRH5867,2022-01-25,Isfahan,Tehran,05:00:00,Varsh,
354,5,TBZ5668,2022-01-25,Tehran,Tabriz,05:05:00,Ata,
355,5,IRC862,2022-01-25,Tehran,Yazd,05:10:00,Aseman,
356,5,VRH5816,2022-01-25,Tehran,BandarAbbas,05:15:00,Varsh,
357,5,CPN6950,2022-01-25,Tehran,Yazd,05:20:00,Caspian,
358,5,KIS7031,2022-01-25,Tehran,Ahwaz,05:20:00,KishAir,
359,5,TBZ5677,2022-01-25,Tehran,Urumia,05:20:00,Ata,
360,5,IRB961,2022-01-25,Mashhad,Tehran,05:30:00,IranAirTour,
361,5,IRM1050,2022-01-25,Kerman,Tehran,05:30:00,Mahan,20.0
362,5,FPI7428,2022-01-25,Tehran,Isfahan,05:40:00,FlyPersia,
363,5,IRA260,2022-01-25,Tehran,Mashhad,05:45:00,IranAir,
364,5,CPN036,2022-01-25,Tehran,Urumia,05:50:00,Caspian,
365,5,IRC3914,2022-01-25,Tehran,Bushehr,05:50:00,Aseman,
366,5,TBZ5710,2022-01-25,Tehran,Kermanshah,05:50:00,Ata,
367,5,IRM1081,2022-01-25,Tehran,Mashhad,05:55:00,Mahan,
368,6,FPI7410,2022-01-25,Shiraz,Chabahar,06:00:00,FlyPersia,
369,6,IRB942,2022-01-25,Mashhad,Isfahan,06:00:00,IranAirTour,
370,6,KRU2551,2022-01-25,Ahwaz,Khark,06:00:00,Karun,
371,6,TBZ5699,2022-01-25,Mashhad,Tehran,06:00:00,Ata,
372,6,VRH5852,2022-01-25,Tehran,Ahwaz,06:05:00,Varsh,
373,6,IRA3409,2022-01-25,Tehran,Kermanshah,06:10:00,IranAir,
374,6,IRC3770,2022-01-25,Shiraz,Tehran,06:10:00,Aseman,
375,6,KRU2504,2022-01-25,Tehran,Khark,06:10:00,Karun,
376,6,SHI4303,2022-01-25,Tehran,Shiraz,06:10:00,Sepehran,
377,6,IRA326,2022-01-25,Tehran,Larestan,06:15:00,IranAir,
378,6,TBN6309,2022-01-25,Tehran,Chabahar,06:15:00,Taban,
379,6,IRC644,2022-01-25,Tehran,BandarAbbas,06:20:00,Aseman,
380,6,KIS7055,2022-01-25,Tehran,Kish,06:20:00,KishAir,24.5
381,6,IRA232,2022-01-25,Tehran,Shiraz,06:25:00,IranAir,
382,6,IRC840,2022-01-25,Tehran,Ilam,06:25:00,Aseman,
383,6,TBN6328,2022-01-25,Tehran,Mashhad,06:25:00,Taban,
384,6,TBZ5601,2022-01-25,Tabriz,Tehran,06:25:00,Ata,
385,6,CPN6986,2022-01-25,Tehran,Zahedan,06:30:00,Caspian,
386,6,IRB956,2022-01-25,Tehran,Ahwaz,06:30:00,IranAirTour,
387,6,IRB992,2022-01-25,Tehran,Asaluyeh,06:30:00,IranAirTour,
388,6,IZG4090,2022-01-25,Mashhad,Tehran,06:30:00,Zagros,
389,6,QSM1252,2022-01-25,Tehran,Mashhad,06:30:00,GheshmAir,
390,6,IRA3310,2022-01-25,Tehran,Isfahan,06:35:00,IranAir,
391,6,SHI4310,2022-01-25,Tehran,Mashhad,06:35:00,Sepehran,
392,6,SHI4352,2022-01-25,Tehran,BandarAbbas,06:35:00,Sepehran,
393,6,VRH5858,2022-01-25,Tehran,Chabahar,06:35:00,Varsh,
394,6,IRB936,2022-01-25,Tehran,Tabriz,06:40:00,IranAirTour,
395,6,QSM1236,2022-01-25,Tehran,Shiraz,06:40:00,GheshmAir,
396,6,IRC3914,2022-01-25,Tehran,Bushehr,06:45:00,Aseman,
397,6,IZG4035,2022-01-25,Tehran,Gheshm,06:45:00,Zagros,
398,6,KIS7150,2022-01-25,Shiraz,Tehran,06:45:00,KishAir,
399,6,IRB912,2022-01-25,Tehran,BandarAbbas,06:50:00,IranAirTour,
400,6,IZG4051,2022-01-25,Tehran,Kish,06:50:00,Zagros,24.5
401,6,MRJ2816,2022-01-25,Tehran,Asaluyeh,06:55:00,Meraj,
402,6,PRS4402,2022-01-25,Tehran,Birjand,06:55:00,ParsAir,30.0
403,7,IRA3415,2022-01-25,Tehran,Dezfoul,07:00:00,IranAir,
404,7,IRM4562,2022-01-25,Kerman,Shiraz/Ahwaz,07:00:00,Mahan,
405,7,TBN6267,2022-01-25,Mashhad,Karaj,07:00:00,Taban,
406,7,TBZ5610,2022-01-25,Tehran,Tabriz,07:00:00,Ata,
407,7,TBZ5630,2022-01-25,Mashhad,Tehran,07:00:00,Ata,
408,7,TBZ5630 ,2022-01-25,Mashhad,Tehran,07:00:00,Ata,
409,7,TBZ5667,2022-01-25,Tabriz,Tehran,07:00:00,Ata,
410,7,IRC630,2022-01-25,Tehran,Gorgan,07:05:00,Aseman,
411,7,IRZ170,2022-01-25,Tehran,Mashhad,07:05:00,Saha,
412,7,IRA3426,2022-01-25,Tehran,Yazd,07:10:00,IranAir,
413,7,QSM1230,2022-01-25,Tehran,Mahshahr,07:10:00,GheshmAir,
414,7,VRH5820,2022-01-25,Tehran,Kish,07:15:00,Varsh,
415,7,CPN6924,2022-01-25,Tehran,Mashhad,07:20:00,Caspian,
416,7,CPN6951,2022-01-25,Yazd,Tehran,07:20:00,Caspian,
417,7,IRA407,2022-01-25,Tehran,Bushehr,07:20:00,IranAir,
418,7,IRC863,2022-01-25,Yazd,Tehran,07:20:00,Aseman,
419,7,KIS7030,2022-01-25,Ahwaz,Tehran,07:20:00,KishAir,
420,7,TBZ5678,2022-01-25,Urumia,Tehran,07:20:00,Ata,
421,7,VRH5853,2022-01-25,Ahwaz,Tehran,07:20:00,Varsh,
422,7,IRZ120,2022-01-25,Tehran,Asaluyeh,07:25:00,Saha,
423,7,CPN6900,2022-01-25,Tehran,Bushehr,07:30:00,Caspian,
424,7,IRA3351,2022-01-25,Tehran,Ilam,07:30:00,IranAir,
425,7,KRU2631,2022-01-25,Ahwaz,BandarAbbas,07:30:00,Karun,
426,7,MRJ2814,2022-01-25,Tehran,Chabahar,07:35:00,Meraj,
427,7,IRM4580,2022-01-25,Tehran,Shahrekord,07:40:00,Mahan,
428,7,IZG4022,2022-01-25,Kerman,Tehran,07:40:00,Zagros,
429,7,IRM1008,2022-01-25,Tehran,KhoramAbad,07:45:00,Mahan,
430,7,TBZ5687,2022-01-25,Tehran,Bushehr,07:45:00,Ata,
431,7,CPN014,2022-01-25,Tehran,Asaluyeh,07:50:00,Caspian,
432,7,IRC3769,2022-01-25,Tehran,Shiraz,07:55:00,Aseman,
433,8,IRB960,2022-01-25,Tehran,Mashhad,08:00:00,IranAirTour,
434,8,IZG4105,2022-01-25,Mashhad,Zahedan,08:00:00,Zagros,
435,8,SHI4335,2022-01-25,Mashhad,Kish,08:00:00,Sepehran,
436,8,VRH5832,2022-01-25,Tehran,Abadan,08:00:00,Varsh,
437,8,IRC841,2022-01-25,Ilam,Tehran,08:10:00,Aseman,
438,8,IRM1051,2022-01-25,Tehran,Kerman,08:10:00,Mahan,
439,8,MRJ2802,2022-01-25,Tehran,Mashhad,08:10:00,Meraj,
440,8,TBN6342,2022-01-25,Tehran,Mashhad,08:10:00,Taban,
441,8,IRA212,2022-01-25,Tehran,Birjand/Mashhad,08:15:00,IranAir,
442,8,IRG2549,2022-01-25,Bushehr,Khark,08:15:00,Karun,
443,8,PYA2310,2022-01-25,Tehran,Gorgan,08:15:00,Pouya,
444,8,TBN6329,2022-01-25,Mashhad,Tehran,08:15:00,Taban,
445,8,IRB962,2022-01-25,Tehran,Mashhad,08:20:00,IranAirTour,
446,8,PRS4456,2022-01-25,Tehran,Sirjan,08:20:00,ParsAir,
447,8,IRC3771,2022-01-25,Tehran,Shiraz,08:25:00,Aseman,
448,8,IRA3383,2022-01-25,Isfahan,BandarAbbas,08:30:00,IranAir,
449,8,IRB943,2022-01-25,Isfahan,Mashhad,08:30:00,IranAirTour,
450,8,IRG2549,2022-01-25,Bushehr,Khark,08:30:00,Karun,
451,8,SHI4343,2022-01-25,Mashhad,BandarAbbas,08:30:00,Sepehran,
452,8,VRH5853,2022-01-25,Ahwaz,Tehran,08:30:00,Varsh,
453,8,QSM1202,2022-01-25,Mashhad,Zabol,08:35:00,GheshmAir,
454,8,TBN6261,2022-01-25,Tehran,Kish,08:35:00,Taban,
455,8,TBZ5602,2022-01-25,Tehran,Tabriz,08:35:00,Ata,
456,8,IRC3720,2022-01-25,Gorgan,Kish,08:40:00,Aseman,
457,8,TBZ5698,2022-01-25,Tehran,Mashhad,08:40:00,Ata,
458,8,IRC3915,2022-01-25,Bushehr,Tehran,08:45:00,Aseman,
459,8,KIS7105,2022-01-25,Tehran,Abadan,08:45:00,KishAir,
460,8,IZG4091,2022-01-25,Tehran,Mashhad,08:50:00,Zagros,
461,8,TBZ5725,2022-01-25,Tabriz,BandarAbbas,08:50:00,Ata,
462,8,TBZ5621,2022-01-25,Tehran,Zahedan,08:55:00,Ata,
463,9,IRM1029,2022-01-25,Tehran,Tabas,09:00:00,Mahan,
464,9,IRM4562,2022-01-25,Shiraz,Ahwaz,09:00:00,Mahan,
465,9,IRZ127,2022-01-25,Mashhad,Asaluyeh,09:00:00,Saha,
466,9,PRS4403,2022-01-25,Birjand,Tehran,09:05:00,ParsAir,
467,9,TBN6224,2022-01-25,Tehran,Mashhad,09:05:00,Taban,
468,9,TBZ5659,2022-01-25,Tehran,Kish,09:05:00,Ata,
469,9,IRA3476,2022-01-25,Shiraz,Lamerd,09:10:00,IranAir,
470,9,TBZ5627,2022-01-25,Tehran,Ahwaz,09:10:00,Ata,
471,9,VRH5866,2022-01-25,Tehran,Isfahan,09:10:00,Varsh,
472,9,CPN6987,2022-01-25,Zahedan,Tehran,09:20:00,Caspian,
473,9,KRU2503,2022-01-25,Shiraz,Khark,09:20:00,Karun,
474,9,QSM1291,2022-01-25,Tehran,Kermanshah,09:20:00,GheshmAir,
475,9,SHI4311,2022-01-25,Mashhad,Tehran,09:20:00,Sepehran,
476,9,TBN6239,2022-01-25,Tehran,Ahwaz,09:20:00,Taban,
477,9,TBZ5700,2022-01-25,Tehran,Gheshm,09:20:00,Ata,
478,9,KIS7021,2022-01-25,Tehran,Kish,09:30:00,KishAir,
479,9,QSM1277,2022-01-25,Tehran,Urumia,09:30:00,GheshmAir,
480,9,IRA406,2022-01-25,Bushehr,Tehran,09:40:00,IranAir,
481,9,IRM4581,2022-01-25,Shahrekord,Tehran,09:40:00,Mahan,
482,9,CPN022,2022-01-25,Tehran,Mashhad,09:45:00,Caspian,
483,9,IRA3350,2022-01-25,Ilam,Tehran,09:45:00,IranAir,
484,9,CPN6901,2022-01-25,Bushehr,Tehran,09:50:00,Caspian,
485,9,IRM1007,2022-01-25,Khorramabad,Tehran,09:50:00,Mahan,
486,9,MRJ2820,2022-01-25,Tehran,Kish,09:50:00,Meraj,
487,9,IRA357,2022-01-25,Mashhad,Abadan,09:55:00,IranAir,
488,9,IRC602,2022-01-25,Tehran,Mashhad,09:55:00,Aseman,
489,10,CPN020,2022-01-25,Tehran,Ahwaz,10:00:00,Caspian,
490,10,PYA2335,2022-01-25,Gorgan,Mashhad,10:00:00,Pouya,
491,10,PYA2348,2022-01-25,Tehran,BandarAbbas,10:00:00,Pouya,
492,10,TBZ5691,2022-01-25,Tehran,Gheshm,10:05:00,Ata,
493,10,VRH5840,2022-01-25,Tehran,Mashhad,10:10:00,Varsh,
494,10,IZG4104,2022-01-25,Zahedan,Mashhad,10:15:00,Zagros,
495,10,IRC3792,2022-01-25,Shiraz,BandarAbbas,10:20:00,Aseman,
496,10,IRC620,2022-01-25,Tehran,Kermanshah,10:20:00,Aseman,
497,10,SHI4312,2022-01-25,Tehran,Kish,10:20:00,Sepehran,
498,10,IRC3710,2022-01-25,Tehran,Ardabil,10:30:00,Aseman,
499,10,TBZ5607,2022-01-25,Tabriz,Tehran,10:30:00,Ata,
500,10,TBZ5628,2022-01-25,Ahwaz,Tehran,10:30:00,Ata,
501,10,TBZ5704,2022-01-25,Tehran,Kish,10:35:00,Ata,
502,10,TBN6341,2022-01-25,Mashhad,Tehran,10:40:00,Taban,
503,10,IRB904,2022-01-25,Mashhad,Rasht,10:45:00,IranAirTour,
504,10,IRB916,2022-01-25,Tehran,Kish,10:45:00,IranAirTour,
505,10,KIS7104,2022-01-25,Abadan,Tehran,10:45:00,KishAir,
506,10,IRC3940,2022-01-25,Shiraz,Rasht,10:50:00,Aseman,
507,10,IRM1059,2022-01-25,Kerman,Mashhad,10:50:00,Mahan,
508,11,FPI7400,2022-01-25,Shiraz,Tehran,11:00:00,FlyPersia,
509,11,IRB982,2022-01-25,Mashhad,Bushehr,11:00:00,IranAirTour,
510,11,IRM4563,2022-01-25,Ahwaz,Shiraz/Kerman,11:00:00,Mahan,
511,11,TBZ5628,2022-01-25,Ahwaz,Tehran,11:00:00,Ata,
512,11,TBZ5689,2022-01-25,Tehran,Gheshm,11:00:00,Ata,
513,11,TBZ5730,2022-01-25,Mashhad,Tehran,11:00:00,Ata,
514,11,CPN034,2022-01-25,Tehran,Isfahan,11:05:00,Caspian,
515,11,IRC850,2022-01-25,Tehran,Zahedan,11:05:00,Aseman,
516,11,QSM1207,2022-01-25,Kermanshah,BandarAbbas,11:05:00,GheshmAir,
517,11,IRB964,2022-01-25,Tehran,Mashhad,11:10:00,IranAirTour,
518,11,PYA2340,2022-01-25,Tehran,Gheshm,11:10:00,Pouya,
519,11,IRZ125,2022-01-25,Shiraz,Asaluyeh,11:15:00,Saha,
520,11,KIS7023,2022-01-25,Isfahan,Kish,11:15:00,KishAir,
521,11,KIS7138,2022-01-25,Isfahan,BandarAbbas,11:15:00,KishAir,
522,11,TBZ5735,2022-01-25,Tehran,Mashhad,11:20:00,Ata,
523,11,IRA3323,2022-01-25,Tehran,Ramsar,11:30:00,IranAir,
524,11,IZG4004,2022-01-25,Isfahan,Kish,11:30:00,Zagros,
525,11,TBN6221,2022-01-25,Mashhad,Tehran,11:30:00,Taban,
526,11,QSM1276,2022-01-25,Urumia,Tehran,11:35:00,GheshmAir,
527,11,CPN024,2022-01-25,Tehran,Mashhad,11:40:00,Caspian,
528,11,IRA3431,2022-01-25,Tehran,ParsAbad,11:45:00,IranAir,
529,11,IRC647,2022-01-25,Rasht,BandarAbbas,11:45:00,Aseman,
530,11,PRS4400,2022-01-25,Tehran,Yasooj,11:45:00,ParsAir,
531,11,CPN6904,2022-01-25,Mashhad,Isfahan,11:50:00,Caspian,
532,11,IRC621,2022-01-25,Kermanshah,Tehran,11:50:00,Aseman,
533,12,CPN021,2022-01-25,Ahwaz,Tehran,12:00:00,Caspian,
534,12,IRA3412,2022-01-25,Tehran,Bojnourd,12:00:00,IranAir,
535,12,PYA2336,2022-01-25,Mashhad,Gorgan,12:00:00,Pouya,
536,12,SHI4330,2022-01-25,Tehran,Gheshm,12:05:00,Sepehran,
537,12,VRH5842,2022-01-25,Tehran,Gheshm,12:05:00,Varsh,
538,12,VRH5876,2022-01-25,Tehran,Mashhad,12:05:00,Varsh,
539,12,IRA275,2022-01-25,Tehran,Urumia,12:10:00,IranAir,
540,12,IRC3773,2022-01-25,Tehran,Shiraz,12:10:00,Aseman,
541,12,IRB916,2022-01-25,Tehran,Kish,12:15:00,IranAirTour,
542,12,IRC3929,2022-01-25,Mashhad,Chabahar,12:15:00,Aseman,
543,12,KRU2533,2022-01-25,Isfahan,Khark,12:15:00,Karun,
544,12,IRA3388,2022-01-25,Shiraz,BandarAbbas,12:20:00,IranAir,
545,12,CPN040,2022-01-25,Tehran,Mashhad,12:25:00,Caspian,
546,12,KRU2617,2022-01-25,Ahwaz,Tehran,12:30:00,Karun,
547,12,TBZ5608,2022-01-25,Tehran,Tabriz,12:30:00,Ata,
548,12,CPN044,2022-01-25,Tehran,Kish,12:35:00,Caspian,
549,12,QSM1253,2022-01-25,Mashhad,Tehran,12:35:00,GheshmAir,
550,12,SHI4320,2022-01-25,Tehran,Mashhad,12:35:00,Sepehran,
551,12,IZG4107,2022-01-25,Mashhad,Kish,12:45:00,Zagros,
552,12,KIS7053,2022-01-25,Tehran,Kish,12:45:00,KishAir,
553,12,VRH5802,2022-01-25,Mashhad,Sari,12:45:00,Varsh,
554,12,VRH5806,2022-01-25,Sari,Kish,12:45:00,Varsh,
555,12,CPN035,2022-01-25,Isfahan,Tehran,12:50:00,Caspian,
556,12,PRS4438,2022-01-25,Tehran,Gachsaran,12:50:00,ParsAir,
557,12,TBN6258,2022-01-25,Tehran,Mashhad,12:50:00,Taban,
558,12,MRJ2818,2022-01-25,Tehran,Kish,12:55:00,Meraj,
559,13,IRC3941,2022-01-25,Rasht,Shiraz,13:00:00,Aseman,
560,13,IRM4563,2022-01-25,Shiraz,Kerman,13:00:00,Mahan,
561,13,VRH5818,2022-01-25,Tehran,Mashhad,13:00:00,Varsh,
562,13,TBN6265,2022-01-25,Tehran,Kish,13:05:00,Taban,
563,13,IRB905,2022-01-25,Rasht,Mashhad,13:10:00,IranAirTour,
564,13,TBZ5729,2022-01-25,Tehran,Mashhad,13:10:00,Ata,
565,13,IRM1058,2022-01-25,Mashhad,Kerman,13:15:00,Mahan,
566,13,QSM1237,2022-01-25,Shiraz,Tehran,13:15:00,GheshmAir,
567,13,IRM1018,2022-01-25,Tehran,Asaluyeh,13:20:00,Mahan,
568,13,MRJ2806,2022-01-25,Tehran,Mashhad,13:20:00,Meraj,
569,13,FPI7402,2022-01-25,Tehran,Mashhad,13:25:00,FlyPersia,
570,13,FPI7431,2022-01-25,Tehran,Shiraz,13:25:00,FlyPersia,
571,13,IRA233,2022-01-25,Shiraz,Tehran,13:25:00,IranAir,
572,13,IRA327,2022-01-25,Larestan,Tehran,13:25:00,IranAir,
573,13,IRC851,2022-01-25,Zahedan,Tehran,13:30:00,Aseman,
574,13,TBZ5629,2022-01-25,Tehran,Mashhad,13:30:00,Ata,
575,13,VRH5822,2022-01-25,Tehran,Kish,13:30:00,Varsh,
576,13,CPN026,2022-01-25,Tehran,Mashhad,13:40:00,Caspian,
577,13,VRH5838,2022-01-25,Mashhad,Shiraz,13:45:00,Varsh,
578,13,IRC3844,2022-01-25,Tehran,Ilam,13:50:00,Aseman,
579,13,IZG4043,2022-01-25,Tehran,Kerman,13:50:00,Zagros,45.0
580,13,MRJ2806,2022-01-25,Tehran,Mashhad,13:55:00,Meraj,
581,13,SHI4345,2022-01-25,Mashhad,Kish,13:55:00,Sepehran,56.0
582,13,TBN6227,2022-01-25,Tehran,Gheshm,13:55:00,Taban,
583,14,IRB983,2022-01-25,Bushehr,Mashhad,14:00:00,IranAirTour,
584,14,IRC3804,2022-01-25,Shiraz,Kish,14:00:00,Aseman,
585,14,IZG4113,2022-01-25,Mashhad,Ahwaz,14:00:00,Zagros,
586,14,PYA2311,2022-01-25,Gorgan,Tehran,14:00:00,Pouya,
587,14,TBZ5681,2022-01-25,Tehran,BandarAbbas,14:05:00,Ata,
588,14,VRH5836,2022-01-25,Tehran,Shiraz,14:05:00,Varsh,
589,14,IRA274,2022-01-25,Urumia,Tehran,14:10:00,IranAir,
590,14,IRC631,2022-01-25,Gorgan,Tehran,14:10:00,Aseman,
591,14,IRM1043,2022-01-25,Tehran,Kish,14:10:00,Mahan,
592,14,SHI4356,2022-01-25,Mashhad,Tabriz,14:10:00,Sepehran,
593,14,CPN6905,2022-01-25,Isfahan,Mashhad,14:15:00,Caspian,
594,14,KRU2506,2022-01-25,Tehran,Mahshahr,14:15:00,Karun,
595,14,IRC3774,2022-01-25,Shiraz,Tehran,14:25:00,Aseman,
596,14,CPN048,2022-01-25,Tehran,Shiraz,14:30:00,Caspian,
597,14,IRZ123,2022-01-25,Isfahan,Asaluyeh,14:35:00,Saha,
598,14,IRZ171,2022-01-25,Mashhad,Tehran,14:40:00,Saha,
599,14,TBZ5695,2022-01-25,Tehran,Abadan,14:40:00,Ata,
600,14,TBZ5712,2022-01-25,Tehran,Kish,14:40:00,Ata,
601,14,IRM1026,2022-01-25,Tehran,Ardabil,14:45:00,Mahan,
602,14,TBZ5629,2022-01-25,Tehran,Mashhad,14:50:00,Ata,
603,14,QSM1240,2022-01-25,Tehran,Gheshm,14:55:00,GheshmAir,
604,14,TBN6297,2022-01-25,Tehran,Kish,14:55:00,Taban,
605,15,KIS7069,2022-01-25,Tehran,Mashhad,15:00:00,KishAir,
606,15,TBZ5609,2022-01-25,Tabriz,Tehran,15:00:00,Ata,
607,15,IZG4021,2022-01-25,Tehran,Ahwaz,15:05:00,Zagros,
608,15,SHI4321,2022-01-25,Mashhad,Tehran,15:05:00,Sepehran,
609,15,KIS7161,2022-01-25,Shiraz,Kish,15:15:00,KishAir,
610,15,VRH5810,2022-01-25,Mashhad,Ahwaz,15:15:00,Varsh,
611,15,SHI4365,2022-01-25,Mashhad,Kish,15:25:00,Sepehran,
612,15,TBZ5623,2022-01-25,Tehran,Shiraz,15:30:00,Ata,
613,15,IRA3395,2022-01-25,Tehran,Mahshahr,15:35:00,IranAir,
614,15,IRC3845,2022-01-25,Ilam,Tehran,15:35:00,Aseman,
615,15,MRJ2822,2022-01-25,Tehran,Kish,15:35:00,Meraj,
616,15,IRM1054,2022-01-25,Kerman,Tehran,15:40:00,Mahan,
617,15,TBZ5620,2022-01-25,Mashhad,Tehran,15:40:00,Ata,
618,15,FPI7403,2022-01-25,Mashhad,Tehran,15:45:00,FlyPersia,
619,15,CPN012,2022-01-25,Tehran,Ahwaz,15:50:00,Caspian,
620,15,CPN6958,2022-01-25,Mashhad,Isfahan,15:50:00,Caspian,
621,15,IRA447,2022-01-25,Tehran,Tabriz,15:55:00,IranAir,
622,15,TBZ5613,2022-01-25,Tehran,Isfahan,15:55:00,Ata,
623,16,IRB900,2022-01-25,Mashhad,Tabriz,16:00:00,IranAirTour,
624,16,TBZ5603,2022-01-25,Tabriz,Tehran,16:00:00,Ata,
625,16,IRA3358,2022-01-25,Tehran,Gorgan,16:05:00,IranAir,
626,16,IRC3828,2022-01-25,Shiraz,Ahwaz,16:10:00,Aseman,
627,16,IRC3854,2022-01-25,Tehran,Urumia,16:10:00,Aseman,
628,16,CPN046,2022-01-25,Tehran,Tabriz,16:15:00,Caspian,
629,16,IRM4594,2022-01-25,Kerman,Kish,16:15:00,Mahan,
630,16,IZG4042,2022-01-25,Kerman,Tehran,16:15:00,Zagros,
631,16,KIS7023,2022-01-25,Isfahan,Kish,16:15:00,KishAir,
632,16,KRU2508,2022-01-25,Tehran,Mahshahr,16:15:00,Karun,
633,16,VRH5839,2022-01-25,Shiraz,Mashhad,16:15:00,Varsh,
634,16,CPN023,2022-01-25,Mashhad,Tehran,16:30:00,Caspian,
635,16,IRA350,2022-01-25,Tehran,Kish,16:30:00,IranAir,
636,16,CPN6919,2022-01-25,Shiraz,Mashhad,16:35:00,Caspian,
637,16,IRC3744,2022-01-25,Tehran,Yazd,16:35:00,Aseman,
638,16,IRA474,2022-01-25,Tehran,Kerman,16:40:00,IranAir,
639,16,PRS4440,2022-01-25,Tehran,Shiraz,16:40:00,ParsAir,
640,16,IRM1027,2022-01-25,Ardabil,Tehran,16:45:00,Mahan,
641,16,IRZ130,2022-01-25,Tehran,Ahwaz,16:45:00,Saha,
642,16,VRH5824,2022-01-25,Tehran,Kish,16:45:00,Varsh,
643,16,IZG4008,2022-01-25,Ahwaz,Kish,16:50:00,Zagros,
644,16,SHI4314,2022-01-25,Tehran,Bushehr,16:50:00,Sepehran,
645,16,SHI4357,2022-01-25,Tabriz,Mashhad,16:50:00,Sepehran,
646,16,IRC3775,2022-01-25,Tehran,Shiraz,16:55:00,Aseman,
647,16,IRC822,2022-01-25,Tehran,Asaluyeh,16:55:00,Aseman,
648,17,CPN6954,2022-01-25,Yazd,Kish,17:00:00,Caspian,
649,17,IRA3333,2022-01-25,Tehran,Rasht,17:00:00,IranAir,
650,17,IRC3744,2022-01-25,Tehran,Yazd,17:00:00,Aseman,
651,17,IZG4020,2022-01-25,Ahwaz,Tehran,17:00:00,Zagros,
652,17,SHI4357,2022-01-25,Tabriz,Mashhad,17:00:00,Sepehran,
653,17,IRA3345,2022-01-25,Shiraz,Abadan,17:05:00,IranAir,
654,17,IZG4020,2022-01-25,Ahwaz,Tehran,17:05:00,Zagros,
655,17,QSM1290,2022-01-25,Kermanshah,Tehran,17:05:00,GheshmAir,
656,17,IRA356,2022-01-25,Abadan,Mashhad,17:10:00,IranAir,
657,17,KIS7068,2022-01-25,Mashhad,Tehran,17:15:00,KishAir,
658,17,IRA3312,2022-01-25,Tehran,Isfahan,17:20:00,IranAir,
659,17,IRB967,2022-01-25,Mashhad,Tehran,17:30:00,IranAirTour,
660,17,IRM1049,2022-01-25,Tehran,Birjand,17:30:00,Mahan,
661,17,IRM1073,2022-01-25,Tehran,Sirjan,17:35:00,Mahan,
662,17,SHI4332,2022-01-25,Tehran,BandarAbbas,17:35:00,Sepehran,
663,17,IZG4071,2022-01-25,Tehran,Kish,17:40:00,Zagros,
664,17,TBZ5636,2022-01-25,Ahwaz,Tehran,17:40:00,Ata,
665,17,TBZ5706,2022-01-25,Shiraz,Mashhad,17:40:00,Ata,
666,17,IRC3974,2022-01-25,Ahwaz,Sari,17:45:00,Aseman,
667,17,IRC830,2022-01-25,Tehran,Ahwaz,17:45:00,Aseman,
668,17,IRB974,2022-01-25,Tehran,Zahedan,17:50:00,IranAirTour,
669,17,TBZ5614,2022-01-25,Isfahan,Tehran,17:50:00,Ata,
670,17,CPN6950,2022-01-25,Tehran,Yazd,17:55:00,Caspian,
671,17,IRC3855,2022-01-25,Urumia,Tehran,17:55:00,Aseman,
672,17,TBN6281,2022-01-25,Tehran,Shiraz,17:55:00,Taban,
673,17,TBN6326,2022-01-25,Tehran,Mashhad,17:55:00,Taban,
674,18,CPN047,2022-01-25,Tabriz,Tehran,18:00:00,Caspian,
675,18,FPI7434,2022-01-25,Tehran,Urumia,18:00:00,FlyPersia,
676,18,IRB972,2022-01-25,Tabriz,Kish,18:00:00,IranAirTour,
677,18,TBZ5604,2022-01-25,Tehran,Tabriz,18:00:00,Ata,
678,18,KRU2608,2022-01-25,Tehran,Yazd,18:10:00,Karun,
679,18,CPN6959,2022-01-25,Isfahan,Mashhad,18:15:00,Caspian,
680,18,IRC3972,2022-01-25,Mashhad,Sari,18:15:00,Aseman,
681,18,TBZ5635,2022-01-25,Tehran,Ahwaz,18:15:00,Ata,
682,18,VRH5811,2022-01-25,Ahwaz,Mashhad,18:15:00,Varsh,
683,18,IRM1055,2022-01-25,Tehran,Kerman,18:20:00,Mahan,20.0
684,18,KIS7135,2022-01-25,Mashhad,Kish,18:30:00,KishAir,
685,18,MRJ2853,2022-01-25,Mashhad,Kish,18:30:00,Meraj,
686,18,TBZ5662,2022-01-25,Mashhad,Kish,18:30:00,Ata,
687,18,VRH5850,2022-01-25,Tehran,Ahwaz,18:30:00,Varsh,
688,18,IRZ131,2022-01-25,Ahwaz,Tehran,18:35:00,Saha,
689,18,FPI7412,2022-01-25,Tehran,Yazd,18:40:00,FlyPersia,
690,18,IRA3332,2022-01-25,Rasht,Tehran,18:45:00,IranAir,
691,18,PRS4441,2022-01-25,Shiraz,Tehran,18:45:00,ParsAir,
692,18,VRH5877,2022-01-25,Mashhad,Tehran,18:45:00,Varsh,
693,18,IRB901,2022-01-25,Tabriz,Mashhad,18:50:00,IranAirTour,
694,18,IRC619,2022-01-25,Yazd,Mashhad,18:50:00,Aseman,
695,18,IZG4049,2022-01-25,Tehran,Zahedan,18:50:00,Zagros,
696,18,QSM1224,2022-01-25,Tehran,Kish,18:50:00,GheshmAir,
697,18,TBZ5671,2022-01-25,Tabriz,Isfahan,18:50:00,Ata,
698,18,IRC619,2022-01-25,Yazd,Mashhad,18:55:00,Aseman,
699,19,CPN6918,2022-01-25,Mashhad,Shiraz,19:00:00,Caspian,
700,19,IRA475,2022-01-25,Kerman,Tehran,19:00:00,IranAir,
701,19,TBN6245,2022-01-25,Tehran,Ahwaz,19:00:00,Taban,
702,19,TBN6263,2022-01-25,Tehran,Kish,19:00:00,Taban,39.0
703,19,VRH5814,2022-01-25,Tehran,BandarAbbas,19:00:00,Varsh,
704,19,IRA3344,2022-01-25,Abadan,Shiraz,19:15:00,IranAir,
705,19,KIS7081,2022-01-25,Tehran,Kish,19:15:00,KishAir,
706,19,IRA3317,2022-01-25,Isfahan,Abadan,19:20:00,IranAir,
707,19,QSM1304,2022-01-25,Tehran,Asaluyeh,19:20:00,GheshmAir,
708,19,TBZ5654,2022-01-25,Isfahan,Kish,19:20:00,Ata,
709,19,IRC831,2022-01-25,Ahwaz,Tehran,19:30:00,Aseman,
710,19,IRZ131,2022-01-25,Ahwaz,Tehran,19:30:00,Saha,
711,19,IRZ172,2022-01-25,Tehran,Bushehr,19:30:00,Saha,
712,19,KIS7057,2022-01-25,Tehran,Kish,19:35:00,KishAir,
713,19,QSM1262,2022-01-25,Mashhad,Gheshm,19:35:00,GheshmAir,
714,19,CPN6951,2022-01-25,Yazd,Tehran,19:45:00,Caspian,
715,19,CPN6960,2022-01-25,Tehran,BandarAbbas,19:45:00,Caspian,
716,19,CPN6970,2022-01-25,Tehran,Ahwaz,19:45:00,Caspian,
717,19,IRC3975,2022-01-25,Sari,Ahwaz,19:45:00,Aseman,
718,19,KIS7125,2022-01-25,Tehran,Kish,19:45:00,KishAir,
719,19,SHI4341,2022-01-25,Mashhad,Tehran,19:45:00,Sepehran,
720,19,CPN028,2022-01-25,Tehran,Mashhad,19:50:00,Caspian,
721,19,IRA3417,2022-01-25,Tehran,Dezfoul,19:50:00,IranAir,
722,19,TBZ5646,2022-01-25,Tehran,Tabriz,19:55:00,Ata,
723,20,FPI7401,2022-01-25,Tehran,Shiraz,20:00:00,FlyPersia,
724,20,IRM1048,2022-01-25,Birjand,Tehran,20:00:00,Mahan,
725,20,IZG4019,2022-01-25,Tehran,BandarAbbas,20:00:00,Zagros,
726,20,KRU2609,2022-01-25,Yazd,Tehran,20:00:00,Karun,
727,20,SHI4338,2022-01-25,Mashhad,Ahwaz,20:00:00,Sepehran,
728,20,TBZ5605,2022-01-25,Tabriz,Tehran,20:00:00,Ata,
729,20,TBZ5707,2022-01-25,Mashhad,Shiraz,20:00:00,Ata,
730,20,SHI4360,2022-01-25,Tehran,Mashhad,20:05:00,Sepehran,
731,20,IRC860,2022-01-25,Tehran,Abadan,20:10:00,Aseman,
732,20,TBZ5636,2022-01-25,Ahwaz,Tehran,20:10:00,Ata,
733,20,TBZ5680,2022-01-25,Tehran,Urumia,20:10:00,Ata,
734,20,IRB966,2022-01-25,Tehran,Mashhad,20:15:00,IranAirTour,
735,20,KRU2610,2022-01-25,Tehran,Dezfoul,20:15:00,Karun,
736,20,TBN6327,2022-01-25,Mashhad,Tehran,20:15:00,Taban,
737,20,IRA3419,2022-01-25,Tehran,Kermanshah,20:20:00,IranAir,
738,20,IRC3973,2022-01-25,Sari,Mashhad,20:20:00,Aseman,
739,20,PRS4458,2022-01-25,Tehran,Kish,20:20:00,ParsAir,
740,20,IRC3800,2022-01-25,Shiraz,Gheshm,20:25:00,Aseman,
741,20,TBN6222,2022-01-25,Tehran,Mashhad,20:25:00,Taban,
742,20,CPN027,2022-01-25,Mashhad,Tehran,20:30:00,Caspian,
743,20,FPI7413,2022-01-25,Yazd,Tehran,20:35:00,FlyPersia,
744,20,IRA3471,2022-01-25,Tehran,Ahwaz,20:40:00,IranAir,
745,20,IRZ156,2022-01-25,Tehran,Shiraz,20:40:00,Saha,
746,20,QSM1262,2022-01-25,Mashhad,Gheshm,20:40:00,GheshmAir,
747,20,KIS7113,2022-01-25,Isfahan,Kish,20:45:00,KishAir,
748,20,VRH5872,2022-01-25,Tehran,Bushehr,20:55:00,Varsh,
749,21,IRM1052,2022-01-25,Kerman,Tehran,21:00:00,Mahan,
750,21,MRJ2844,2022-01-25,Tehran,Gheshm,21:00:00,Meraj,
751,21,PRS4408,2022-01-25,Tehran,Shahrekord,21:00:00,ParsAir,
752,21,TBN6246,2022-01-25,Ahwaz,Tehran,21:00:00,Taban,
753,21,TBZ5650,2022-01-25,Isfahan,Mashhad,21:00:00,Ata,
754,21,VRH5803,2022-01-25,Sari,Mashhad,21:00:00,Varsh,
755,21,IRA265,2022-01-25,Tehran,Abadan,21:10:00,IranAir,
756,21,IRA420,2022-01-25,Isfahan,Kish,21:10:00,IranAir,
757,21,IRA3390,2022-01-25,Shiraz,BandarAbbas,21:15:00,IranAir,
758,21,IZG4112,2022-01-25,Ahwaz,Mashhad,21:15:00,Zagros,
759,21,VRH5819,2022-01-25,Mashhad,Tehran,21:15:00,Varsh,
760,21,IRC618,2022-01-25,Mashhad,Yazd,21:20:00,Aseman,
761,21,QSM1294,2022-01-25,Tehran,Gorgan,21:20:00,GheshmAir,
762,21,TBZ5672,2022-01-25,Isfahan,Tabriz,21:20:00,Ata,
763,21,IRA3316,2022-01-25,Abadan,Isfahan,21:25:00,IranAir,
764,21,CPN018,2022-01-25,Tehran,Ahwaz,21:30:00,Caspian,
765,21,IRB954,2022-01-25,Mashhad,Ahwaz,21:30:00,IranAirTour,
766,21,IRZ173,2022-01-25,Bushehr,Tehran,21:30:00,Saha,
767,21,SHI4309,2022-01-25,Tehran,Shiraz,21:30:00,Sepehran,
768,21,SHI4366,2022-01-25,Mashhad,Abadan,21:30:00,Sepehran,
769,21,CPN049,2022-01-25,Shiraz,Tehran,21:35:00,Caspian,
770,21,IRC3829,2022-01-25,Ahwaz,Shiraz,21:40:00,Aseman,
771,21,KRU2616,2022-01-25,Tehran,Ahwaz,21:40:00,Karun,
772,21,IRC624,2022-01-25,Tehran,Kermanshah,21:45:00,Aseman,
773,21,IZG4048,2022-01-25,Zahedan,Tehran,21:50:00,Zagros,
774,21,IRC3829,2022-01-25,Ahwaz,Shiraz,21:55:00,Aseman,
775,22,IRC3779,2022-01-25,Tehran,Shiraz,22:00:00,Aseman,
776,22,IRM1080,2022-01-25,Mashhad,Tehran,22:00:00,Mahan,
777,22,TBZ5606,2022-01-25,Tehran,Tabriz,22:00:00,Ata,
778,22,TBZ5679,2022-01-25,Urumia,Tehran,22:00:00,Ata,
779,22,IRB988,2022-01-25,Tehran,Ahwaz,22:05:00,IranAirTour,
780,22,IZG4017,2022-01-25,Tehran,Ahwaz,22:05:00,Zagros,
781,22,FPI7405,2022-01-25,Tehran,Shiraz,22:10:00,FlyPersia,
782,22,IRC861,2022-01-25,Abadan,Tehran,22:10:00,Aseman,
783,22,SHI4340,2022-01-25,Tehran,Mashhad,22:15:00,Sepehran,
784,22,TBZ5619,2022-01-25,Tehran,Mashhad,22:25:00,Ata,
785,22,MRJ2807,2022-01-25,Mashhad,Tehran,22:30:00,Meraj,
786,22,TBN6223,2022-01-25,Mashhad,Tehran,22:30:00,Taban,
787,22,TBZ5624,2022-01-25,Shiraz,Tehran,22:30:00,Ata,
788,22,IRC603,2022-01-25,Mashhad,Tehran,22:35:00,Aseman,
789,22,PRS4409,2022-01-25,Shahrekord,Tehran,22:35:00,ParsAir,
790,22,IRZ157,2022-01-25,Shiraz,Tehran,22:40:00,Saha,
791,22,SHI4339,2022-01-25,Ahwaz,Mashhad,22:45:00,Sepehran,
792,22,IRA3349,2022-01-25,Isfahan,Tehran,22:55:00,IranAir,
793,22,IRA3470,2022-01-25,Ahwaz,Tehran,22:55:00,IranAir,
794,23,TBN6256,2022-01-25,Tehran,Mashhad,23:00:00,Taban,
795,23,VRH5841,2022-01-25,Mashhad,Tehran,23:00:00,Varsh,
796,23,VRH5873,2022-01-25,Bushehr,Tehran,23:00:00,Varsh,
797,23,CPN019,2022-01-25,Ahwaz,Tehran,23:15:00,Caspian,
798,23,IRC3821,2022-01-25,Abadan,Shiraz,23:15:00,Aseman,
799,23,IRC625,2022-01-25,Kermanshah,Tehran,23:15:00,Aseman,
800,23,KRU2625,2022-01-25,Ahwaz,Isfahan,23:15:00,Karun,
801,23,IRA3313,2022-01-25,Isfahan,Tehran,23:20:00,IranAir,
802,23,IRC3745,2022-01-25,Yazd,Tehran,23:20:00,Aseman,
803,23,IRA264,2022-01-25,Abadan,Tehran,23:25:00,IranAir,
804,23,IRM1053,2022-01-25,Tehran,Kerman,23:40:00,Mahan,
805,23,TBZ5647,2022-01-25,Tabriz,Tehran,23:40:00,Ata,
806,23,IZG4016,2022-01-25,Ahwaz,Tehran,23:45:00,Zagros,
807,23,KIS7113,2022-01-25,Isfahan,Kish,23:45:00,KishAir,
808,23,IRB955,2022-01-25,Ahwaz,Mashhad,23:55:00,IranAirTour,
809,0,KRU2624,2022-01-26,Isfahan,Ahwaz,00:30:00,Karun,
810,0,SHI4367,2022-01-26,Abadan,Mashhad,00:30:00,Sepehran,
811,1,KIS7151,2022-01-26,Tehran,Shiraz,01:00:00,KishAir,
812,1,KIS7151A,2022-01-26,Tehran,Shiraz,01:00:00,KishAir,
813,4,QSM1218,2022-01-26,Tehran,Bushehr,04:30:00,GheshmAir,
814,4,IRB964,2022-01-26,Tehran,Mashhad,04:40:00,IranAirTour,
815,4,IZG4077,2022-01-26,Tehran,Shiraz,04:55:00,Zagros,
816,5,IRC3768,2022-01-26,Shiraz,Tehran,05:00:00,Aseman,
817,5,IRC3914,2022-01-26,Tehran,Bushehr,05:00:00,Aseman,
818,5,VRH5816,2022-01-26,Tehran,BandarAbbas,05:00:00,Varsh,
819,5,TBZ5668,2022-01-26,Tehran,Tabriz,05:05:00,Ata,
820,5,IRC3914,2022-01-26,Tehran,Bushehr,05:15:00,Aseman,
821,5,IRC862,2022-01-26,Tehran,Yazd,05:15:00,Aseman,
822,5,IZG4023,2022-01-26,Tehran,Kerman,05:25:00,Zagros,
823,5,CPN020,2022-01-26,Tehran,Ahwaz,05:30:00,Caspian,
824,5,IRM1050,2022-01-26,Kerman,Tehran,05:30:00,Mahan,20.0
825,5,TBZ5677,2022-01-26,Tehran,Urumia,05:30:00,Ata,
826,5,VRH5852,2022-01-26,Tehran,Ahwaz,05:35:00,Varsh,
827,5,IRC862,2022-01-26,Tehran,Yazd,05:45:00,Aseman,
828,5,IRB992,2022-01-26,Tehran,Asaluyeh,05:55:00,IranAirTour,
829,6,IRC3770,2022-01-26,Shiraz,Tehran,06:00:00,Aseman,
830,6,IRC850,2022-01-26,Tehran,Zahedan,06:00:00,Aseman,
831,6,IRM4596,2022-01-26,Tehran,Rasht,06:00:00,Mahan,
832,6,TBZ5699,2022-01-26,Mashhad,Tehran,06:00:00,Ata,
833,6,VRH5852,2022-01-26,Tehran,Ahwaz,06:00:00,Varsh,
834,6,KRU2516,2022-01-26,Tehran,Lavan/Shiraz,06:05:00,Karun,
835,6,SHI4352,2022-01-26,Tehran,BandarAbbas,06:05:00,Sepehran,
836,6,IRA462,2022-01-26,Tehran,Mashhad,06:10:00,IranAir,
837,6,IRB956,2022-01-26,Tehran,Ahwaz,06:10:00,IranAirTour,
838,6,IRC3770,2022-01-26,Shiraz,Tehran,06:10:00,Aseman,
839,6,IRM1081,2022-01-26,Tehran,Mashhad,06:10:00,Mahan,
840,6,IRM1085,2022-01-26,Tehran,Zabol,06:10:00,Mahan,
841,6,KIS7150,2022-01-26,Shiraz,Tehran,06:10:00,KishAir,
842,6,IRA326,2022-01-26,Tehran,Larestan,06:15:00,IranAir,
843,6,IRC3792,2022-01-26,Shiraz,BandarAbbas,06:15:00,Aseman,
844,6,IRC840,2022-01-26,Tehran,Ilam,06:15:00,Aseman,
845,6,IRM1081,2022-01-26,Tehran,Mashhad,06:15:00,Mahan,
846,6,IZG4133,2022-01-26,Mashhad,Chabahar,06:15:00,Zagros,
847,6,KIS7055,2022-01-26,Tehran,Kish,06:20:00,KishAir,24.5
848,6,KRU2586,2022-01-26,Tehran,Siri/Shiraz,06:20:00,Karun,
849,6,PRS4410,2022-01-26,Tehran,IranShahr,06:20:00,ParsAir,
850,6,CPN038,2022-01-26,Tehran,Shiraz,06:25:00,Caspian,
851,6,IRA3409,2022-01-26,Tehran,Kermanshah,06:25:00,IranAir,
852,6,TBN6328,2022-01-26,Tehran,Mashhad,06:25:00,Taban,
853,6,TBZ5601,2022-01-26,Tabriz,Tehran,06:25:00,Ata,
854,6,IRA3432,2022-01-26,Tehran,Shiraz,06:30:00,IranAir,
855,6,IRA3434,2022-01-26,Tehran,Shiraz/Yazd,06:30:00,IranAir,
856,6,IRC600,2022-01-26,Tehran,Mashhad,06:30:00,Aseman,24.5
857,6,VRH5816,2022-01-26,Tehran,BandarAbbas,06:30:00,Varsh,
858,6,MRJ2816,2022-01-26,Tehran,Asaluyeh,06:35:00,Meraj,
859,6,TBN6295,2022-01-26,Tehran,Shiraz,06:35:00,Taban,
860,6,TBZ5710,2022-01-26,Tehran,Kermanshah,06:35:00,Ata,
861,6,VRH5858,2022-01-26,Tehran,Chabahar,06:35:00,Varsh,
862,6,IRA411,2022-01-26,Tehran,Ahwaz,06:40:00,IranAir,
863,6,PRS4402,2022-01-26,Tehran,Birjand,06:40:00,ParsAir,30.0
864,6,QSM1252,2022-01-26,Tehran,Mashhad,06:40:00,GheshmAir,
865,6,CPN026,2022-01-26,Tehran,Mashhad,06:45:00,Caspian,
866,6,IRC850,2022-01-26,Tehran,Zahedan,06:45:00,Aseman,
867,6,KIS7150,2022-01-26,Shiraz,Tehran,06:45:00,KishAir,
868,6,QSM1219,2022-01-26,Bushehr,Tehran,06:45:00,GheshmAir,
869,6,SHI4303,2022-01-26,Tehran,Shiraz,06:45:00,Sepehran,
870,6,IZG4051,2022-01-26,Tehran,Kish,06:50:00,Zagros,24.5
871,6,SHI4310,2022-01-26,Tehran,Mashhad,06:55:00,Sepehran,
872,6,VRH5820,2022-01-26,Tehran,Kish,06:55:00,Varsh,
873,7,IRA3415,2022-01-26,Tehran,Dezfoul,07:00:00,IranAir,
874,7,IRB948,2022-01-26,Mashhad,Kish,07:00:00,IranAirTour,
875,7,IRM4560,2022-01-26,Kerman,Isfahan/Tabriz,07:00:00,Mahan,
876,7,IZG4035,2022-01-26,Tehran,Gheshm,07:00:00,Zagros,
877,7,TBN6257,2022-01-26,Mashhad,Tehran,07:00:00,Taban,
878,7,TBZ5613,2022-01-26,Tehran,Isfahan,07:00:00,Ata,
879,7,TBZ5656,2022-01-26,Tehran,Sabzevar,07:00:00,Ata,
880,7,TBZ5667,2022-01-26,Tabriz,Tehran,07:00:00,Ata,
881,7,FPI7436,2022-01-26,Tehran,Mahshahr,07:05:00,FlyPersia,
882,7,IZG4081,2022-01-26,Tehran,Zahedan,07:05:00,Zagros,
883,7,KRU2615,2022-01-26,Ahwaz,Tehran,07:05:00,Karun,
884,7,QSM1210,2022-01-26,Tehran,Ahwaz,07:05:00,GheshmAir,
885,7,IRA3310,2022-01-26,Tehran,Isfahan,07:10:00,IranAir,
886,7,IRB932,2022-01-26,Tehran,BandarAbbas,07:10:00,IranAirTour,
887,7,TBN6261,2022-01-26,Tehran,Kish,07:15:00,Taban,
888,7,TBZ5610,2022-01-26,Tehran,Tabriz,07:15:00,Ata,
889,7,IRA3385,2022-01-26,Tehran,Sahand,07:20:00,IranAir,
890,7,IRA3465,2022-01-26,Tehran,KhoramAbad,07:20:00,IranAir,
891,7,IRC863,2022-01-26,Yazd,Tehran,07:25:00,Aseman,
892,7,IRM4533,2022-01-26,Tehran,Isfahan,07:30:00,Mahan,
893,7,IZG4107,2022-01-26,Mashhad,Kish,07:30:00,Zagros,
894,7,TBZ5678,2022-01-26,Urumia,Tehran,07:30:00,Ata,
895,7,VRH5853,2022-01-26,Ahwaz,Tehran,07:30:00,Varsh,
896,7,CPN030,2022-01-26,Tehran,Tabriz,07:35:00,Caspian,
897,7,CPN034,2022-01-26,Tehran,Isfahan,07:45:00,Caspian,
898,7,IRC3915,2022-01-26,Bushehr,Tehran,07:45:00,Aseman,
899,7,PYA2314,2022-01-26,Tehran,Yazd,07:50:00,Pouya,
900,7,IRC3769,2022-01-26,Tehran,Shiraz,07:55:00,Aseman,
901,7,VRH5832,2022-01-26,Tehran,Abadan,07:55:00,Varsh,
902,8,CPN016,2022-01-26,Tehran,Chabahar,08:00:00,Caspian,
903,8,IRB904,2022-01-26,Mashhad,Rasht,08:00:00,IranAirTour,
904,8,IRC841,2022-01-26,Ilam,Tehran,08:00:00,Aseman,
905,8,SHI4335,2022-01-26,Mashhad,Kish,08:00:00,Sepehran,
906,8,VRH5853,2022-01-26,Ahwaz,Tehran,08:00:00,Varsh,
907,8,IRZ120,2022-01-26,Tehran,Asaluyeh,08:05:00,Saha,
908,8,IRM1051,2022-01-26,Tehran,Kerman,08:10:00,Mahan,
909,8,TBZ5698,2022-01-26,Tehran,Mashhad,08:10:00,Ata,
910,8,IZG4080,2022-01-26,Zahedan,Tehran,08:15:00,Zagros,
911,8,KIS7105,2022-01-26,Tehran,Abadan,08:15:00,KishAir,
912,8,MRJ2802,2022-01-26,Tehran,Mashhad,08:20:00,Meraj,
913,8,PRS4403,2022-01-26,Birjand,Tehran,08:20:00,ParsAir,
914,8,SHI4302,2022-01-26,Shiraz,Tehran,08:20:00,Sepehran,
915,8,CPN039,2022-01-26,Shiraz,Tehran,08:25:00,Caspian,
916,8,IRA3408,2022-01-26,Kermanshah,Tehran,08:25:00,IranAir,
917,8,IRA458,2022-01-26,Tehran,BandarAbbas,08:25:00,IranAir,
918,8,IRC3771,2022-01-26,Tehran,Shiraz,08:25:00,Aseman,
919,8,IRB962,2022-01-26,Tehran,Mashhad,08:30:00,IranAirTour,
920,8,IRM4560,2022-01-26,Isfahan,Tabriz,08:30:00,Mahan,
921,8,SHI4343,2022-01-26,Mashhad,BandarAbbas,08:30:00,Sepehran,
922,8,TBZ5627,2022-01-26,Tehran,Ahwaz,08:30:00,Ata,
923,8,CPN014,2022-01-26,Tehran,Asaluyeh,08:35:00,Caspian,
924,8,TBZ5602,2022-01-26,Tehran,Tabriz,08:35:00,Ata,
925,8,IRC3900,2022-01-26,Mashhad,Ilam,08:40:00,Aseman,
926,8,IRA410,2022-01-26,Ahwaz,Tehran,08:45:00,IranAir,
927,8,CPN6958,2022-01-26,Mashhad,Isfahan,08:50:00,Caspian,
928,8,IRC852,2022-01-26,Zahedan,Mashhad,08:50:00,Aseman,
929,8,IZG4091,2022-01-26,Tehran,Mashhad,08:50:00,Zagros,
930,8,PYA2348,2022-01-26,Tehran,BandarAbbas,08:55:00,Pouya,
931,9,CPN022,2022-01-26,Tehran,Mashhad,09:00:00,Caspian,
932,9,IRM4560,2022-01-26,Isfahan,Tabriz,09:00:00,Mahan,
933,9,TBN6239,2022-01-26,Tehran,Ahwaz,09:00:00,Taban,
934,9,TBN6309,2022-01-26,Tehran,Chabahar,09:00:00,Taban,
935,9,TBZ5654,2022-01-26,Isfahan,Kish,09:00:00,Ata,
936,9,TBZ5733,2022-01-26,Tabriz,Yazd,09:00:00,Ata,
937,9,IRA3390,2022-01-26,Shiraz,BandarAbbas,09:05:00,IranAir,
938,9,KRU2518,2022-01-26,Tehran,Isfahan/Behragan,09:05:00,Karun,
939,9,QSM1211,2022-01-26,Ahwaz,Tehran,09:05:00,GheshmAir,
940,9,QSM1229,2022-01-26,Ahwaz,Karaj,09:05:00,GheshmAir,
941,9,TBZ5691,2022-01-26,Tehran,Gheshm,09:10:00,Ata,
942,9,VRH5866,2022-01-26,Tehran,Isfahan,09:15:00,Varsh,
943,9,IRC852,2022-01-26,Zahedan,Mashhad,09:20:00,Aseman,
944,9,SHI4311,2022-01-26,Mashhad,Tehran,09:20:00,Sepehran,
945,9,TBN6304,2022-01-26,Tehran,Mashhad,09:20:00,Taban,
946,9,TBZ5712,2022-01-26,Tehran,Kish,09:20:00,Ata,
947,9,VRH5812,2022-01-26,Tehran,Asaluyeh,09:25:00,Varsh,
948,9,CPN031,2022-01-26,Tabriz,Tehran,09:30:00,Caspian,
949,9,IRM1089,2022-01-26,Tehran,Shiraz,09:30:00,Mahan,
950,9,IRM4532,2022-01-26,Isfahan,Tehran,09:30:00,Mahan,
951,9,QSM1277,2022-01-26,Tehran,Urumia,09:30:00,GheshmAir,
952,9,IRC620,2022-01-26,Tehran,Kermanshah,09:35:00,Aseman,
953,9,IRA3464,2022-01-26,Khorramabad,Tehran,09:40:00,IranAir,
954,9,KRU2517,2022-01-26,Shiraz,Lavan,09:40:00,Karun,
955,9,PYA2335,2022-01-26,Yazd,Mashhad,09:40:00,Pouya,
956,9,CPN036,2022-01-26,Tehran,Urumia,09:45:00,Caspian,
957,9,KIS7029,2022-01-26,Tehran,Kish,09:55:00,KishAir,
958,10,IRC3726,2022-01-26,Tehran,Sirjan,10:00:00,Aseman,
959,10,IRC3794,2022-01-26,Shiraz,BandarAbbas,10:00:00,Aseman,
960,10,KRU2653,2022-01-26,Ahwaz,Gorgan,10:00:00,Karun,
961,10,VRH5840,2022-01-26,Tehran,Mashhad,10:00:00,Varsh,
962,10,IRZ158,2022-01-26,Tehran,Shiraz,10:05:00,Saha,
963,10,SHI4320,2022-01-26,Tehran,Mashhad,10:10:00,Sepehran,
964,10,TBZ5633,2022-01-26,Tehran,Ardabil,10:10:00,Ata,
965,10,IRB905,2022-01-26,Rasht,Mashhad,10:15:00,IranAirTour,
966,10,IRC3828,2022-01-26,Shiraz,Ahwaz,10:15:00,Aseman,
967,10,IRZ190,2022-01-26,Tehran,Chabahar,10:15:00,Saha,
968,10,KRU2587,2022-01-26,Shiraz,Siri,10:15:00,Karun,
969,10,MRJ2842,2022-01-26,Tehran,Asaluyeh,10:15:00,Meraj,
970,10,TBZ5616,2022-01-26,Mashhad,Tabriz,10:20:00,Ata,
971,10,KIS7104,2022-01-26,Abadan,Tehran,10:25:00,KishAir,
972,10,KRU2518,2022-01-26,Isfahan,Behragan,10:25:00,Karun,
973,10,CPN012,2022-01-26,Tehran,Ahwaz,10:30:00,Caspian,
974,10,TBZ5607,2022-01-26,Tabriz,Tehran,10:30:00,Ata,
975,10,TBZ5628,2022-01-26,Ahwaz,Tehran,10:30:00,Ata,
976,10,IRA3401,2022-01-26,Tehran,Ardabil,10:35:00,IranAir,
977,10,IRA214,2022-01-26,Tehran,Gheshm,10:45:00,IranAir,
978,10,PRS4412,2022-01-26,Tehran,Jahrom,10:45:00,ParsAir,
979,10,IRC3812,2022-01-26,Shiraz,Tabriz,10:50:00,Aseman,
980,10,IRM1054,2022-01-26,Kerman,Tehran,10:50:00,Mahan,
981,11,IRM1079,2022-01-26,Tehran,Kerman,11:00:00,Mahan,
982,11,QSM1266,2022-01-26,Tehran,Shiraz/BandarLengeh,11:00:00,GheshmAir,
983,11,QSM1293,2022-01-26,Tehran,Sanandaj,11:00:00,GheshmAir,
984,11,IRC602,2022-01-26,Tehran,Mashhad,11:05:00,Aseman,
985,11,SHI4312,2022-01-26,Tehran,Kish,11:05:00,Sepehran,
986,11,CPN6904,2022-01-26,Mashhad,Isfahan,11:10:00,Caspian,
987,11,IRC621,2022-01-26,Kermanshah,Tehran,11:10:00,Aseman,
988,11,CPN6959,2022-01-26,Isfahan,Mashhad,11:15:00,Caspian,
989,11,IRB996,2022-01-26,Tehran,Kish,11:15:00,IranAirTour,
990,11,CPN6960,2022-01-26,Tehran,BandarAbbas,11:25:00,Caspian,
991,11,IRA3305,2022-01-26,Tehran,Khoy,11:25:00,IranAir,
992,11,IRA3412,2022-01-26,Tehran,Bojnourd,11:25:00,IranAir,
993,11,IRC3901,2022-01-26,Ilam,Mashhad,11:25:00,Aseman,
994,11,IRC853,2022-01-26,Mashhad,Zahedan,11:30:00,Aseman,
995,11,IRM4522,2022-01-26,Tehran,Yasooj,11:30:00,Mahan,
996,11,IZG4004,2022-01-26,Isfahan,Kish,11:30:00,Zagros,
997,11,MRJ2825,2022-01-26,Tehran,Tabriz,11:30:00,Meraj,
998,11,TBN6303,2022-01-26,Mashhad,Tehran,11:30:00,Taban,
999,11,TBZ5734,2022-01-26,Yazd,Tabriz,11:30:00,Ata,
1000,11,VRH5826,2022-01-26,Sari,BandarAbbas,11:30:00,Varsh,
1001,11,QSM1276,2022-01-26,Urumia,Tehran,11:35:00,GheshmAir,
1002,11,IRM4561,2022-01-26,Tabriz,Kerman,11:40:00,Mahan,
1003,11,MRJ2842,2022-01-26,Tehran,Asaluyeh,11:40:00,Meraj,
1004,11,PYA2336,2022-01-26,Mashhad,Yazd,11:40:00,Pouya,
1005,11,SHI4330,2022-01-26,Tehran,Gheshm,11:40:00,Sepehran,
1006,11,IRZ125,2022-01-26,Shiraz,Asaluyeh,11:45:00,Saha,
1007,11,IZG4041,2022-01-26,Tehran,Mashhad,11:50:00,Zagros,
1008,12,IRA3323,2022-01-26,Tehran,Ramsar,12:00:00,IranAir,
1009,12,IRM1088,2022-01-26,Shiraz,Tehran,12:00:00,Mahan,
1010,12,IRZ125,2022-01-26,Shiraz,Asaluyeh,12:00:00,Saha,
1011,12,IZG4090,2022-01-26,Mashhad,Tehran,12:00:00,Zagros,
1012,12,PRS4438,2022-01-26,Tehran,Gachsaran,12:00:00,ParsAir,
1013,12,IZG4003,2022-01-26,Tehran,Kish,12:05:00,Zagros,
1014,12,IRC3829,2022-01-26,Ahwaz,Shiraz,12:10:00,Aseman,
1015,12,QSM1240,2022-01-26,Tehran,Gheshm,12:10:00,GheshmAir,
1016,12,TBZ5634,2022-01-26,Ardabil,Tehran,12:10:00,Ata,
1017,12,KIS7023,2022-01-26,Isfahan,Kish,12:15:00,KishAir,
1018,12,VRH5802,2022-01-26,Mashhad,Sari,12:15:00,Varsh,
1019,12,IRC3711,2022-01-26,Ardabil,Tehran,12:20:00,Aseman,
1020,12,CPN013,2022-01-26,Ahwaz,Tehran,12:25:00,Caspian,
1021,12,FPI7414,2022-01-26,Tehran,Mahshahr,12:30:00,FlyPersia,
1022,12,KRU2517,2022-01-26,Shiraz,Lavan,12:30:00,Karun,
1023,12,TBZ5608,2022-01-26,Tehran,Tabriz,12:30:00,Ata,
1024,12,TBZ5676,2022-01-26,Ahwaz,Tabriz,12:30:00,Ata,
1025,12,VRH5847,2022-01-26,Mashhad,Kish,12:30:00,Varsh,
1026,12,IRA3400,2022-01-26,Ardabil,Tehran,12:35:00,IranAir,
1027,12,FPI7401,2022-01-26,Tehran,Shiraz,12:40:00,FlyPersia,
1028,12,IRB965,2022-01-26,Mashhad,Tehran,12:45:00,IranAirTour,
1029,12,IRB972,2022-01-26,Tabriz,Kish,12:45:00,IranAirTour,
1030,12,KIS7053,2022-01-26,Tehran,Kish,12:45:00,KishAir,
1031,12,KIS7161,2022-01-26,Shiraz,Kish,12:45:00,KishAir,
1032,12,QSM,2022-01-26,Sanandaj,Tehran,12:45:00,GheshmAir,
1033,12,TBN6227,2022-01-26,Tehran,Gheshm,12:45:00,Taban,
1034,12,IRA3390,2022-01-26,Shiraz,BandarAbbas,12:55:00,IranAir,
1035,12,IZG4036,2022-01-26,Kermanshah,Kish,12:55:00,Zagros,
1036,12,QSM1211,2022-01-26,Ahwaz,Tehran,12:55:00,GheshmAir,
1037,13,IRB906,2022-01-26,Tabriz,BandarAbbas,13:00:00,IranAirTour,
1038,13,TBZ5615,2022-01-26,Tabriz,Mashhad,13:00:00,Ata,
1039,13,IRC3710,2022-01-26,Tehran,Ardabil,13:10:00,Aseman,
1040,13,IRC630,2022-01-26,Tehran,Gorgan,13:10:00,Aseman,
1041,13,IRM4572,2022-01-26,Tehran,Ilam,13:10:00,Mahan,
1042,13,IRZ129,2022-01-26,Rasht,Asaluyeh,13:10:00,Saha,
1043,13,TBZ5614,2022-01-26,Isfahan,Tehran,13:10:00,Ata,
1044,13,IRC3813,2022-01-26,Tabriz,Shiraz,13:15:00,Aseman,
1045,13,IRM1018,2022-01-26,Tehran,Asaluyeh,13:20:00,Mahan,
1046,13,KRU2652,2022-01-26,Gorgan,Ahwaz,13:20:00,Karun,
1047,13,PYA2345,2022-01-26,Shiraz,BandarAbbas,13:20:00,Pouya,
1048,13,CPN044,2022-01-26,Tehran,Kish,13:25:00,Caspian,
1049,13,CPN027,2022-01-26,Mashhad,Tehran,13:30:00,Caspian,
1050,13,VRH5842,2022-01-26,Tehran,Gheshm,13:30:00,Varsh,
1051,13,CPN6905,2022-01-26,Isfahan,Mashhad,13:35:00,Caspian,
1052,13,IRC3972,2022-01-26,Mashhad,Sari,13:35:00,Aseman,
1053,13,IRC851,2022-01-26,Zahedan,Tehran,13:35:00,Aseman,
1054,13,IRC851,2022-01-26,Zahedan,Tehran,13:40:00,Aseman,
1055,13,IRM4561,2022-01-26,Isfahan,Kerman,13:40:00,Mahan,
1056,13,KRU2519,2022-01-26,Isfahan,Tehran,13:40:00,Karun,
1057,13,PYA2315,2022-01-26,Yazd,Tehran,13:40:00,Pouya,
1058,13,TBN6297,2022-01-26,Tehran,Kish,13:45:00,Taban,
1059,13,QSM1248,2022-01-26,Tehran,Zahedan,13:50:00,GheshmAir,
1060,13,IZG4043,2022-01-26,Tehran,Kerman,13:55:00,Zagros,45.0
1061,13,SHI4345,2022-01-26,Mashhad,Kish,13:55:00,Sepehran,56.0
1062,14,TBN6326,2022-01-26,Tehran,Mashhad,14:00:00,Taban,
1063,14,TBZ5609,2022-01-26,Tabriz,Tehran,14:00:00,Ata,
1064,14,VRH5822,2022-01-26,Tehran,Kish,14:00:00,Varsh,
1065,14,VRH5836,2022-01-26,Tehran,Shiraz,14:00:00,Varsh,
1066,14,CPN6986,2022-01-26,Tehran,Zahedan,14:05:00,Caspian,
1067,14,IRC3744,2022-01-26,Tehran,Yazd,14:10:00,Aseman,
1068,14,IRC604,2022-01-26,Mashhad,Noshahr,14:10:00,Aseman,
1069,14,IRM1043,2022-01-26,Tehran,Kish,14:10:00,Mahan,
1070,14,IRM4561,2022-01-26,Isfahan,Kerman,14:10:00,Mahan,
1071,14,SHI4306,2022-01-26,Mashhad,Isfahan,14:10:00,Sepehran,
1072,14,KIS7119,2022-01-26,Tabriz,Kish,14:15:00,KishAir,
1073,14,IRC3804,2022-01-26,Shiraz,Kish,14:20:00,Aseman,
1074,14,CPN6994,2022-01-26,Tehran,Isfahan,14:25:00,Caspian,
1075,14,TBN6296,2022-01-26,Shiraz,Tehran,14:30:00,Taban,
1076,14,VRH5803,2022-01-26,Sari,Mashhad,14:30:00,Varsh,
1077,14,IRM1006,2022-01-26,Tehran,KhoramAbad,14:35:00,Mahan,
1078,14,TBZ5619,2022-01-26,Tehran,Mashhad,14:35:00,Ata,
1079,14,IRC631,2022-01-26,Gorgan,Tehran,14:40:00,Aseman,
1080,14,KRU2506,2022-01-26,Tehran,Mahshahr,14:40:00,Karun,
1081,14,QSM1266,2022-01-26,Tehran,Shiraz,14:40:00,GheshmAir,
1082,14,IRM1026,2022-01-26,Tehran,Ardabil,14:45:00,Mahan,
1083,14,IRM1080,2022-01-26,Mashhad,Tehran,14:45:00,Mahan,
1084,14,SHI4300,2022-01-26,Shiraz,Mashhad,14:45:00,Sepehran,
1085,14,TBZ5659,2022-01-26,Tehran,Kish,14:45:00,Ata,
1086,14,TBN6342,2022-01-26,Tehran,Mashhad,14:50:00,Taban,
1087,14,PRS4428,2022-01-26,Tehran,Maku,14:55:00,ParsAir,
1088,14,TBZ5687,2022-01-26,Tehran,Bushehr,14:55:00,Ata,
1089,15,IRA260,2022-01-26,Tehran,Mashhad,15:00:00,IranAir,
1090,15,IRB946,2022-01-26,Tehran,Tabriz,15:00:00,IranAirTour,
1091,15,KIS7113,2022-01-26,Isfahan,Kish,15:00:00,KishAir,
1092,15,IRC3794,2022-01-26,Shiraz,BandarAbbas,15:05:00,Aseman,
1093,15,IRZ123,2022-01-26,Isfahan,Asaluyeh,15:10:00,Saha,
1094,15,KRU2614,2022-01-26,Tehran,Ahwaz,15:10:00,Karun,
1095,15,IRA3333,2022-01-26,Tehran,Rasht,15:15:00,IranAir,
1096,15,SHI4350,2022-01-26,Tehran,Mashhad,15:20:00,Sepehran,
1097,15,IZG4071,2022-01-26,Tehran,Kish,15:25:00,Zagros,
1098,15,SHI4301,2022-01-26,Mashhad,Shiraz,15:25:00,Sepehran,
1099,15,KRU2508,2022-01-26,Tehran,Mahshahr,15:30:00,Karun,
1100,15,IRA407,2022-01-26,Tehran,Bushehr,15:40:00,IranAir,
1101,15,CPN048,2022-01-26,Tehran,Shiraz,15:45:00,Caspian,
1102,15,CPN6900,2022-01-26,Tehran,Bushehr,15:45:00,Caspian,
1103,15,IRC3745,2022-01-26,Yazd,Tehran,15:45:00,Aseman,
1104,15,CPN023,2022-01-26,Mashhad,Tehran,15:50:00,Caspian,
1105,15,IRC3702,2022-01-26,Gorgan,BandarAbbas,15:50:00,Aseman,
1106,15,TBZ5641,2022-01-26,Mashhad,Ahwaz,15:50:00,Ata,
1107,15,TBZ5702,2022-01-26,Tehran,Tabriz,15:50:00,Ata,
1108,15,IRC3973,2022-01-26,Sari,Mashhad,15:55:00,Aseman,
1109,15,PRS4406,2022-01-26,Tehran,Shiraz,15:55:00,ParsAir,
1110,16,IZG4067,2022-01-26,Tehran,Isfahan,16:00:00,Zagros,
1111,16,TBZ5603,2022-01-26,Tabriz,Tehran,16:00:00,Ata,
1112,16,IRA3318,2022-01-26,Tehran,Sari,16:05:00,IranAir,
1113,16,IRC3774,2022-01-26,Shiraz,Tehran,16:10:00,Aseman,
1114,16,IRZ182,2022-01-26,Tehran,BandarAbbas,16:10:00,Saha,
1115,16,IZG4021,2022-01-26,Tehran,Ahwaz,16:10:00,Zagros,
1116,16,IZG4105,2022-01-26,Mashhad,Zahedan,16:10:00,Zagros,
1117,16,CPN6977,2022-01-26,Isfahan,Kish,16:15:00,Caspian,
1118,16,IRA3358,2022-01-26,Tehran,Gorgan,16:15:00,IranAir,
1119,16,IZG4042,2022-01-26,Kerman,Tehran,16:15:00,Zagros,
1120,16,IRA216,2022-01-26,Tehran,Birjand,16:25:00,IranAir,
1121,16,CPN6919,2022-01-26,Shiraz,Mashhad,16:30:00,Caspian,
1122,16,IRC822,2022-01-26,Tehran,Asaluyeh,16:30:00,Aseman,
1123,16,SHI4307,2022-01-26,Isfahan,Mashhad,16:30:00,Sepehran,
1124,16,VRH5854,2022-01-26,Mashhad,Isfahan,16:30:00,Varsh,
1125,16,CPN046,2022-01-26,Tehran,Tabriz,16:35:00,Caspian,
1126,16,IRA352,2022-01-26,Tehran,Kish,16:35:00,IranAir,
1127,16,QSM1247,2022-01-26,Zahedan,Gorgan,16:35:00,GheshmAir,
1128,16,CPN6987,2022-01-26,Zahedan,Tehran,16:40:00,Caspian,
1129,16,IRC3854,2022-01-26,Tehran,Urumia,16:40:00,Aseman,
1130,16,QSM1224,2022-01-26,Tehran,Kish,16:40:00,GheshmAir,
1131,16,IRM1027,2022-01-26,Ardabil,Tehran,16:45:00,Mahan,
1132,16,MRJ2803,2022-01-26,Mashhad,Tehran,16:45:00,Meraj,
1133,16,QSM1267,2022-01-26,Shiraz,Tehran,16:45:00,GheshmAir,
1134,16,SHI4314,2022-01-26,Tehran,Bushehr,16:45:00,Sepehran,
1135,16,IRB912,2022-01-26,Tehran,BandarAbbas,16:55:00,IranAirTour,
1136,17,MRJ2882,2022-01-26,Tabriz,Asaluyeh,17:00:00,Meraj,
1137,17,TBZ5681,2022-01-26,Tehran,BandarAbbas,17:00:00,Ata,
1138,17,TBZ5719,2022-01-26,Mashhad,Rasht,17:00:00,Ata,
1139,17,IZG4020,2022-01-26,Ahwaz,Tehran,17:05:00,Zagros,
1140,17,QSM1260,2022-01-26,Isfahan,Gheshm,17:10:00,GheshmAir,
1141,17,FPI7434,2022-01-26,Tehran,Urumia,17:15:00,FlyPersia,
1142,17,KIS7061,2022-01-26,Shiraz,Kish,17:15:00,KishAir,
1143,17,KIS7081,2022-01-26,Tehran,Kish,17:15:00,KishAir,
1144,17,FPI7408,2022-01-26,Tehran,Mashhad,17:20:00,FlyPersia,
1145,17,IRA261,2022-01-26,Mashhad,Tehran,17:20:00,IranAir,
1146,17,IRA3334,2022-01-26,Tehran,Isfahan,17:20:00,IranAir,
1147,17,TBZ5688,2022-01-26,Bushehr,Tehran,17:20:00,Ata,
1148,17,VRH5824,2022-01-26,Tehran,Kish,17:25:00,Varsh,
1149,17,IRM1073,2022-01-26,Tehran,Sirjan,17:30:00,Mahan,
1150,17,VRH5818,2022-01-26,Tehran,Mashhad,17:30:00,Varsh,
1151,17,SHI4332,2022-01-26,Tehran,BandarAbbas,17:35:00,Sepehran,
1152,17,IRM4542,2022-01-26,Tehran,Shahrekord,17:40:00,Mahan,
1153,17,IRB947,2022-01-26,Tabriz,Tehran,17:45:00,IranAirTour,
1154,17,PYA2310,2022-01-26,Tehran,Gorgan,17:50:00,Pouya,
1155,17,TBN6281,2022-01-26,Tehran,Shiraz,17:50:00,Taban,
1156,17,TBZ5703,2022-01-26,Tabriz,Tehran,17:50:00,Ata,
1157,17,IZG4019,2022-01-26,Tehran,BandarAbbas,17:55:00,Zagros,
1158,17,PRS4448,2022-01-26,Shiraz,Kermanshah,17:55:00,ParsAir,
1159,18,CPN6919,2022-01-26,Shiraz,Mashhad,18:00:00,Caspian,
1160,18,IRA3427,2022-01-26,Yazd,Tehran,18:00:00,IranAir,
1161,18,IRC618,2022-01-26,Mashhad,Yazd,18:00:00,Aseman,
1162,18,IZG4020,2022-01-26,Ahwaz,Tehran,18:00:00,Zagros,
1163,18,KRU2535,2022-01-26,Shiraz,Mahshahr,18:00:00,Karun,
1164,18,SHI4300,2022-01-26,Shiraz,Mashhad,18:00:00,Sepehran,
1165,18,TBZ5604,2022-01-26,Tehran,Tabriz,18:00:00,Ata,
1166,18,TBZ5636,2022-01-26,Ahwaz,Tehran,18:00:00,Ata,
1167,18,IRC622,2022-01-26,Tehran,Kermanshah,18:05:00,Aseman,
1168,18,CPN6901,2022-01-26,Bushehr,Tehran,18:10:00,Caspian,
1169,18,IRA3338,2022-01-26,Gorgan,Mashhad,18:10:00,IranAir,
1170,18,IRC601,2022-01-26,Mashhad,Tehran,18:15:00,Aseman,
1171,18,IRM1055,2022-01-26,Tehran,Kerman,18:20:00,Mahan,20.0
1172,18,IRZ159,2022-01-26,Shiraz,Tehran,18:20:00,Saha,
1173,18,IRZ170,2022-01-26,Tehran,Mashhad,18:20:00,Saha,
1174,18,IRC3855,2022-01-26,Urumia,Tehran,18:25:00,Aseman,
1175,18,KRU2642,2022-01-26,Tehran,Ahwaz,18:25:00,Karun,
1176,18,CPN047,2022-01-26,Tabriz,Tehran,18:30:00,Caspian,
1177,18,IZG4104,2022-01-26,Zahedan,Mashhad,18:30:00,Zagros,
1178,18,TBN6222,2022-01-26,Tehran,Mashhad,18:30:00,Taban,
1179,18,TBN6229,2022-01-26,Mashhad,Gheshm,18:30:00,Taban,
1180,18,TBZ5636,2022-01-26,Ahwaz,Tehran,18:30:00,Ata,
1181,18,VRH5850,2022-01-26,Tehran,Ahwaz,18:30:00,Varsh,
1182,18,IRB974,2022-01-26,Tehran,Zahedan,18:35:00,IranAirTour,
1183,18,IRC3775,2022-01-26,Tehran,Shiraz,18:35:00,Aseman,
1184,18,PRS4448,2022-01-26,Shiraz,Kermanshah,18:35:00,ParsAir,
1185,18,CPN028,2022-01-26,Tehran,Mashhad,18:40:00,Caspian,
1186,18,CPN6970,2022-01-26,Tehran,Ahwaz,18:40:00,Caspian,
1187,18,IRB966,2022-01-26,Tehran,Mashhad,18:40:00,IranAirTour,
1188,18,IRC3820,2022-01-26,Shiraz,Abadan,18:40:00,Aseman,
1189,18,IRA386,2022-01-26,Birjand,Mashhad,18:45:00,IranAir,
1190,18,IRB900,2022-01-26,Mashhad,Tabriz,18:45:00,IranAirTour,
1191,18,KIS7193,2022-01-26,Tehran,Kermanshah,18:45:00,KishAir,
1192,18,IRA3370,2022-01-26,Tehran,Rafsanjan,18:50:00,IranAir,
1193,18,TBN6258,2022-01-26,Tehran,Mashhad,18:55:00,Taban,
1194,19,IRB925,2022-01-26,Shiraz,Mashhad,19:00:00,IranAirTour,
1195,19,IZG4063,2022-01-26,Tehran,Bushehr,19:00:00,Zagros,
1196,19,KRU2545,2022-01-26,Isfahan,Mahshahr,19:00:00,Karun,
1197,19,SHI4341,2022-01-26,Mashhad,Tehran,19:00:00,Sepehran,
1198,19,VRH5814,2022-01-26,Tehran,BandarAbbas,19:00:00,Varsh,
1199,19,VRH5855,2022-01-26,Isfahan,Mashhad,19:00:00,Varsh,
1200,19,TBN6263,2022-01-26,Tehran,Kish,19:05:00,Taban,39.0
1201,19,IRA3425,2022-01-26,Isfahan,Bushehr,19:15:00,IranAir,
1202,19,IRM4593,2022-01-26,Tehran,BandarAbbas,19:20:00,Mahan,
1203,19,QSM1246,2022-01-26,Gorgan,Zahedan,19:20:00,GheshmAir,
1204,19,TBN6245,2022-01-26,Tehran,Ahwaz,19:20:00,Taban,
1205,19,CPN6950,2022-01-26,Tehran,Yazd,19:30:00,Caspian,
1206,19,KRU2622,2022-01-26,Isfahan,Ahwaz,19:30:00,Karun,
1207,19,PYA2311,2022-01-26,Gorgan,Tehran,19:30:00,Pouya,
1208,19,TBZ5623,2022-01-26,Tehran,Shiraz,19:30:00,Ata,
1209,19,FPI7409,2022-01-26,Mashhad,Tehran,19:40:00,FlyPersia,
1210,19,IRC623,2022-01-26,Kermanshah,Tehran,19:40:00,Aseman,
1211,19,SHI4366,2022-01-26,Mashhad,Abadan,19:45:00,Sepehran,
1212,19,VRH5819,2022-01-26,Mashhad,Tehran,19:45:00,Varsh,
1213,19,KIS7129,2022-01-26,Tehran,Kish,19:50:00,KishAir,
1214,19,SHI4304,2022-01-26,Shiraz,Tehran,19:50:00,Sepehran,
1215,19,TBZ5630,2022-01-26,Mashhad,Tehran,19:50:00,Ata,
1216,19,TBZ5646,2022-01-26,Tehran,Tabriz,19:50:00,Ata,
1217,19,VRH5872,2022-01-26,Tehran,Bushehr,19:55:00,Varsh,
1218,20,IZG4049,2022-01-26,Tehran,Zahedan,20:00:00,Zagros,
1219,20,TBZ5605,2022-01-26,Tabriz,Tehran,20:00:00,Ata,
1220,20,TBZ5635,2022-01-26,Tehran,Ahwaz,20:00:00,Ata,
1221,20,IRA3339,2022-01-26,Mashhad,Gorgan,20:05:00,IranAir,
1222,20,IRM1078,2022-01-26,Kerman,Tehran,20:10:00,Mahan,
1223,20,IZG4008,2022-01-26,Ahwaz,Kish,20:10:00,Zagros,
1224,20,TBZ5680,2022-01-26,Tehran,Urumia,20:10:00,Ata,
1225,20,IRC3758,2022-01-26,Abadan,Isfahan,20:15:00,Aseman,
1226,20,IZG4112,2022-01-26,Ahwaz,Mashhad,20:15:00,Zagros,
1227,20,KIS7125,2022-01-26,Tehran,Kish,20:15:00,KishAir,
1228,20,PRS4448,2022-01-26,Kermanshah,Shiraz,20:15:00,ParsAir,
1229,20,IRM1060,2022-01-26,Tehran,Ahwaz,20:20:00,Mahan,
1230,20,IRZ171,2022-01-26,Mashhad,Tehran,20:20:00,Saha,
1231,20,IRA3417,2022-01-26,Tehran,Dezfoul,20:25:00,IranAir,
1232,20,IRC619,2022-01-26,Yazd,Mashhad,20:25:00,Aseman,
1233,20,IRB988,2022-01-26,Tehran,Ahwaz,20:30:00,IranAirTour,
1234,20,IRZ172,2022-01-26,Tehran,Bushehr,20:30:00,Saha,
1235,20,TBN6282,2022-01-26,Shiraz,Tehran,20:30:00,Taban,
1236,20,CPN6918,2022-01-26,Mashhad,Shiraz,20:35:00,Caspian,
1237,20,FPI7405,2022-01-26,Tehran,Shiraz,20:40:00,FlyPersia,
1238,20,IRA387,2022-01-26,Mashhad,Birjand,20:40:00,IranAir,
1239,20,IRA456,2022-01-26,Tehran,BandarAbbas,20:40:00,IranAir,
1240,20,CPN040,2022-01-26,Tehran,Mashhad,20:45:00,Caspian,
1241,20,IRC860,2022-01-26,Tehran,Abadan,20:45:00,Aseman,
1242,20,IZG4113,2022-01-26,Mashhad,Ahwaz,20:45:00,Zagros,
1243,20,KIS7192,2022-01-26,Kermanshah,Tehran,20:45:00,KishAir,
1244,20,SHI4338,2022-01-26,Mashhad,Ahwaz,20:45:00,Sepehran,
1245,20,CPN6908,2022-01-26,Tehran,Shiraz,20:55:00,Caspian,
1246,20,CPN6971,2022-01-26,Ahwaz,Tehran,20:55:00,Caspian,
1247,20,IRC624,2022-01-26,Tehran,Kermanshah,20:55:00,Aseman,
1248,21,IRB967,2022-01-26,Mashhad,Tehran,21:00:00,IranAirTour,
1249,21,IRC3776,2022-01-26,Shiraz,Tehran,21:00:00,Aseman,
1250,21,IRC3890,2022-01-26,Shiraz,Ahwaz,21:00:00,Aseman,
1251,21,IRM1052,2022-01-26,Kerman,Tehran,21:00:00,Mahan,
1252,21,IZG4013,2022-01-26,Tehran,Ahwaz,21:00:00,Zagros,
1253,21,MRJ2820,2022-01-26,Tehran,Kish,21:00:00,Meraj,
1254,21,IRA234,2022-01-26,Tehran,Shiraz,21:05:00,IranAir,
1255,21,IRA460,2022-01-26,Tehran,Mashhad,21:05:00,IranAir,
1256,21,FPI7428,2022-01-26,Tehran,Isfahan,21:10:00,FlyPersia,
1257,21,IZG4008,2022-01-26,Ahwaz,Kish,21:10:00,Zagros,
1258,21,IZG4129,2022-01-26,Mashhad,Abadan,21:10:00,Zagros,
1259,21,CPN6931,2022-01-26,Yazd,Tehran,21:15:00,Caspian,
1260,21,IRA3424,2022-01-26,Bushehr,Isfahan,21:15:00,IranAir,
1261,21,CPN6951,2022-01-26,Yazd,Tehran,21:20:00,Caspian,
1262,21,QSM1294,2022-01-26,Tehran,Gorgan,21:20:00,GheshmAir,
1263,21,KRU2610,2022-01-26,Tehran,Dezfoul,21:25:00,Karun,
1264,21,SHI4309,2022-01-26,Tehran,Shiraz,21:25:00,Sepehran,
1265,21,SHI4340,2022-01-26,Tehran,Mashhad,21:25:00,Sepehran,
1266,21,IRB975,2022-01-26,Zahedan,Tehran,21:30:00,IranAirTour,
1267,21,IRC631,2022-01-26,Gorgan,Tehran,21:30:00,Aseman,
1268,21,IZG4059,2022-01-26,Tehran,BandarAbbas,21:30:00,Zagros,
1269,21,VRH5841,2022-01-26,Mashhad,Tehran,21:30:00,Varsh,
1270,21,CPN049,2022-01-26,Shiraz,Tehran,21:35:00,Caspian,
1271,21,IRC3759,2022-01-26,Isfahan,Abadan,21:40:00,Aseman,
1272,21,TBZ5624,2022-01-26,Shiraz,Tehran,21:40:00,Ata,
1273,21,CPN018,2022-01-26,Tehran,Ahwaz,21:45:00,Caspian,
1274,21,IRB901,2022-01-26,Tabriz,Mashhad,21:45:00,IranAirTour,
1275,21,IRC3724,2022-01-26,Tehran,Yazd,21:45:00,Aseman,
1276,21,TBZ5640,2022-01-26,Ahwaz,Mashhad,21:50:00,Ata,
1277,21,TBZ5647,2022-01-26,Tabriz,Tehran,21:50:00,Ata,
1278,21,VRH5898,2022-01-26,Tehran,Zahedan,21:55:00,Varsh,
1279,22,IRC832,2022-01-26,Tehran,Ahwaz,22:00:00,Aseman,
1280,22,KIS7061,2022-01-26,Shiraz,Kish,22:00:00,KishAir,
1281,22,TBZ5606,2022-01-26,Tehran,Tabriz,22:00:00,Ata,
1282,22,TBZ5620,2022-01-26,Mashhad,Tehran,22:00:00,Ata,
1283,22,QSM1249,2022-01-26,Zahedan,Tehran,22:05:00,GheshmAir,
1284,22,SHI4304,2022-01-26,Tehran,Shiraz,22:05:00,Sepehran,
1285,22,IRA445,2022-01-26,Tehran,Tabriz,22:10:00,IranAir,
1286,22,KIS7057,2022-01-26,Tehran,Kish,22:10:00,KishAir,
1287,22,KIS7151,2022-01-26,Tehran,Shiraz,22:10:00,KishAir,
1288,22,TBZ5640,2022-01-26,Ahwaz,Mashhad,22:10:00,Ata,
1289,22,TBZ5679,2022-01-26,Urumia,Tehran,22:10:00,Ata,
1290,22,IRA3359,2022-01-26,Gorgan,Tehran,22:15:00,IranAir,
1291,22,KRU2644,2022-01-26,Tehran,Ahwaz,22:15:00,Karun,
1292,22,TBZ5629,2022-01-26,Tehran,Mashhad,22:15:00,Ata,
1293,22,TBZ5729,2022-01-26,Tehran,Mashhad,22:15:00,Ata,
1294,22,VRH5873,2022-01-26,Bushehr,Tehran,22:15:00,Varsh,
1295,22,IRB989,2022-01-26,Ahwaz,Tehran,22:30:00,IranAirTour,
1296,22,IRM1061,2022-01-26,Ahwaz,Tehran,22:30:00,Mahan,
1297,22,IRZ156,2022-01-26,Tehran,Shiraz,22:30:00,Saha,
1298,22,IZG4059,2022-01-26,Tehran,BandarAbbas,22:35:00,Zagros,
1299,22,IRZ173,2022-01-26,Bushehr,Tehran,22:40:00,Saha,
1300,22,IZG4048,2022-01-26,Zahedan,Tehran,22:40:00,Zagros,
1301,22,PRS4407,2022-01-26,Shiraz,Tehran,22:45:00,ParsAir,
1302,22,SHI4367,2022-01-26,Abadan,Mashhad,22:45:00,Sepehran,
1303,22,IRC603,2022-01-26,Mashhad,Tehran,22:50:00,Aseman,
1304,22,IRC861,2022-01-26,Abadan,Tehran,22:50:00,Aseman,
1305,22,IRC3891,2022-01-26,Ahwaz,Shiraz,22:55:00,Aseman,
1306,22,KRU2620,2022-01-26,Tehran,Ahwaz,22:55:00,Karun,
1307,23,TBN6256,2022-01-26,Tehran,Mashhad,23:00:00,Taban,
1308,23,CPN041,2022-01-26,Mashhad,Tehran,23:10:00,Caspian,
1309,23,IRC3821,2022-01-26,Abadan,Shiraz,23:10:00,Aseman,
1310,23,CPN6909,2022-01-26,Shiraz,Tehran,23:15:00,Caspian,
1311,23,IRA3335,2022-01-26,Isfahan,Tehran,23:20:00,IranAir,
1312,23,CPN049,2022-01-26,Shiraz,Tehran,23:25:00,Caspian,
1313,23,IRA235,2022-01-26,Shiraz,Tehran,23:25:00,IranAir,
1314,23,IRC3777,2022-01-26,Tehran,Shiraz,23:25:00,Aseman,
1315,23,CPN019,2022-01-26,Ahwaz,Tehran,23:30:00,Caspian,
1316,23,IZG4057,2022-01-26,Tehran,Mashhad,23:30:00,Zagros,
1317,23,IZG4112,2022-01-26,Ahwaz,Mashhad,23:30:00,Zagros,
1318,23,IRM1053,2022-01-26,Tehran,Kerman,23:40:00,Mahan,
1319,23,SHI4339,2022-01-26,Ahwaz,Mashhad,23:40:00,Sepehran,
1320,23,IRC3725,2022-01-26,Yazd,Tehran,23:45:00,Aseman,
1321,23,IRA444,2022-01-26,Tabriz,Tehran,23:55:00,IranAir,
1322,0,IRZ157,2022-01-27,Shiraz,Tehran,00:30:00,Saha,
1323,0,CPN019,2022-01-27,Ahwaz,Tehran,00:45:00,Caspian,
1324,4,IZG4025,2022-01-27,Tehran,Bushehr,04:40:00,Zagros,
1325,4,IZG4063,2022-01-27,Tehran,Bushehr,04:50:00,Zagros,
1326,5,QSM1236,2022-01-27,Tehran,Shiraz,05:00:00,GheshmAir,
1327,5,TBZ5635,2022-01-27,Tehran,Ahwaz,05:10:00,Ata,
1328,5,IZG4023,2022-01-27,Tehran,Kerman,05:15:00,Zagros,
1329,5,IZG4133,2022-01-27,Mashhad,Chabahar,05:15:00,Zagros,
1330,5,VRH5816,2022-01-27,Tehran,BandarAbbas,05:20:00,Varsh,
1331,5,IRC3768,2022-01-27,Shiraz,Tehran,05:30:00,Aseman,
1332,5,IRM1050,2022-01-27,Kerman,Tehran,05:30:00,Mahan,20.0
1333,5,IZG4081,2022-01-27,Tehran,Zahedan,05:35:00,Zagros,
1334,5,TBZ5610,2022-01-27,Tehran,Tabriz,05:35:00,Ata,
1335,5,IRC3914,2022-01-27,Tehran,Bushehr,05:40:00,Aseman,
1336,5,TBZ5668,2022-01-27,Tehran,Tabriz,05:50:00,Ata,
1337,5,IRM1081,2022-01-27,Tehran,Mashhad,05:55:00,Mahan,
1338,6,IRB992,2022-01-27,Tehran,Asaluyeh,06:00:00,IranAirTour,
1339,6,IRC3770,2022-01-27,Shiraz,Tehran,06:00:00,Aseman,
1340,6,CPN024,2022-01-27,Tehran,Mashhad,06:10:00,Caspian,
1341,6,CPN6996,2022-01-27,Tehran,Kish,06:10:00,Caspian,
1342,6,IRC862,2022-01-27,Tehran,Yazd,06:10:00,Aseman,
1343,6,KIS7150,2022-01-27,Shiraz,Tehran,06:10:00,KishAir,
1344,6,TBZ5699,2022-01-27,Mashhad,Tehran,06:10:00,Ata,
1345,6,CPN6950,2022-01-27,Tehran,Yazd,06:15:00,Caspian,
1346,6,IRA311,2022-01-27,Tehran,Ahwaz,06:15:00,IranAir,
1347,6,IRC3792,2022-01-27,Shiraz,BandarAbbas,06:15:00,Aseman,
1348,6,PRS4414,2022-01-27,Tehran,Jask,06:15:00,ParsAir,
1349,6,IRA3409,2022-01-27,Tehran,Kermanshah,06:20:00,IranAir,
1350,6,KIS7055,2022-01-27,Tehran,Kish,06:20:00,KishAir,24.5
1351,6,TBZ5601,2022-01-27,Tabriz,Tehran,06:20:00,Ata,
1352,6,IRA232,2022-01-27,Tehran,Shiraz,06:25:00,IranAir,
1353,6,VRH5858,2022-01-27,Tehran,Chabahar,06:25:00,Varsh,
1354,6,CPN6960,2022-01-27,Tehran,BandarAbbas,06:30:00,Caspian,
1355,6,FPI7428,2022-01-27,Tehran,Isfahan,06:30:00,FlyPersia,
1356,6,IRA382,2022-01-27,Tehran,Zahedan/Chabahar,06:30:00,IranAir,
1357,6,IRA3426,2022-01-27,Tehran,Yazd,06:35:00,IranAir,
1358,6,KRU2526,2022-01-27,Tehran,Lavan/Shiraz,06:35:00,Karun,
1359,6,TBN6328,2022-01-27,Tehran,Mashhad,06:35:00,Taban,
1360,6,IRC850,2022-01-27,Tehran,Zahedan,06:40:00,Aseman,
1361,6,IZG4077,2022-01-27,Tehran,Shiraz,06:40:00,Zagros,
1362,6,IRM4575,2022-01-27,Tehran,Jiroft/IranShahr,06:45:00,Mahan,
1363,6,MRJ2816,2022-01-27,Tehran,Asaluyeh,06:45:00,Meraj,
1364,6,IRM1081,2022-01-27,Tehran,Mashhad,06:50:00,Mahan,
1365,6,IZG4051,2022-01-27,Tehran,Kish,06:50:00,Zagros,24.5
1366,6,TBN6309,2022-01-27,Tehran,Chabahar,06:50:00,Taban,
1367,7,IRA3415,2022-01-27,Tehran,Dezfoul,07:00:00,IranAir,
1368,7,IRB982,2022-01-27,Mashhad,Bushehr,07:00:00,IranAirTour,
1369,7,IRC600,2022-01-27,Tehran,Mashhad,07:00:00,Aseman,
1370,7,TBZ5636,2022-01-27,Ahwaz,Tehran,07:00:00,Ata,
1371,7,VRH5820,2022-01-27,Tehran,Kish,07:00:00,Varsh,
1372,7,QSM1210,2022-01-27,Tehran,Ahwaz,07:05:00,GheshmAir,
1373,7,QSM1237,2022-01-27,Shiraz,Tehran,07:05:00,GheshmAir,
1374,7,IRA3351,2022-01-27,Tehran,Ilam,07:10:00,IranAir,
1375,7,IRZ120,2022-01-27,Tehran,Asaluyeh,07:10:00,Saha,
1376,7,IRM4577,2022-01-27,Tehran,Bam,07:15:00,Mahan,
1377,7,TBZ5619,2022-01-27,Tehran,Mashhad,07:15:00,Ata,
1378,7,IRA3331,2022-01-27,Tehran,Rasht,07:20:00,IranAir,
1379,7,TBN6261,2022-01-27,Tehran,Kish,07:25:00,Taban,
1380,7,TBZ5677,2022-01-27,Tehran,Urumia,07:25:00,Ata,
1381,7,KRU2506,2022-01-27,Tehran,Mahshahr,07:30:00,Karun,
1382,7,TBZ5725,2022-01-27,Tabriz,BandarAbbas,07:30:00,Ata,
1383,7,SHI4352,2022-01-27,Tehran,BandarAbbas,07:35:00,Sepehran,
1384,7,CPN016,2022-01-27,Tehran,Chabahar,07:40:00,Caspian,
1385,7,IRC3915,2022-01-27,Bushehr,Tehran,07:40:00,Aseman,
1386,7,PRS4406,2022-01-27,Tehran,Shiraz,07:40:00,ParsAir,
1387,7,IRB967,2022-01-27,Mashhad,Tehran,07:50:00,IranAirTour,
1388,7,IRC863,2022-01-27,Yazd,Tehran,07:50:00,Aseman,
1389,7,VRH5818,2022-01-27,Tehran,Mashhad,07:50:00,Varsh,
1390,7,IRB936,2022-01-27,Tehran,Tabriz,07:55:00,IranAirTour,
1391,7,IRC3769,2022-01-27,Tehran,Shiraz,07:55:00,Aseman,
1392,8,CPN6951,2022-01-27,Yazd,Tehran,08:00:00,Caspian,
1393,8,IZG4117,2022-01-27,Mashhad,Kermanshah,08:00:00,Zagros,
1394,8,MRJ2802,2022-01-27,Tehran,Mashhad,08:00:00,Meraj,
1395,8,SHI4335,2022-01-27,Mashhad,Kish,08:00:00,Sepehran,
1396,8,CPN014,2022-01-27,Tehran,Asaluyeh,08:10:00,Caspian,
1397,8,IRM1051,2022-01-27,Tehran,Kerman,08:10:00,Mahan,
1398,8,IRA464,2022-01-27,Tehran,Mashhad,08:15:00,IranAir,
1399,8,TBZ5602,2022-01-27,Tehran,Tabriz,08:15:00,Ata,
1400,8,VRH5832,2022-01-27,Tehran,Abadan,08:20:00,Varsh,
1401,8,FPI7429,2022-01-27,Isfahan,Tehran,08:25:00,FlyPersia,
1402,8,IRC3946,2022-01-27,Zahedan,Isfahan,08:25:00,Aseman,
1403,8,KIS7087,2022-01-27,Tehran,Tabriz,08:25:00,KishAir,
1404,8,IRC840,2022-01-27,Tehran,Ilam,08:30:00,Aseman,
1405,8,IRM4562,2022-01-27,Shiraz,Ahwaz,08:30:00,Mahan,
1406,8,IZG4035,2022-01-27,Tehran,Gheshm,08:30:00,Zagros,
1407,8,SHI4343,2022-01-27,Mashhad,BandarAbbas,08:30:00,Sepehran,
1408,8,IRA3364,2022-01-27,Yazd,BandarAbbas,08:35:00,IranAir,
1409,8,KIS7105,2022-01-27,Tehran,Abadan,08:35:00,KishAir,
1410,8,TBZ5698,2022-01-27,Tehran,Mashhad,08:35:00,Ata,
1411,8,TBZ5691,2022-01-27,Tehran,Gheshm,08:40:00,Ata,
1412,8,TBN6329,2022-01-27,Mashhad,Tehran,08:45:00,Taban,
1413,8,IZG4091,2022-01-27,Tehran,Mashhad,08:50:00,Zagros,
1414,8,KRU2504,2022-01-27,Tehran,Khark,08:55:00,Karun,
1415,8,PYA2348,2022-01-27,Tehran,BandarAbbas,08:55:00,Pouya,
1416,9,FPI7405,2022-01-27,Tehran,Shiraz,09:00:00,FlyPersia,
1417,9,SHI4336,2022-01-27,Mashhad,Gheshm,09:00:00,Sepehran,
1418,9,TBZ5710,2022-01-27,Tehran,Kermanshah,09:00:00,Ata,
1419,9,QSM1285,2022-01-27,Ahwaz,Tabriz,09:05:00,GheshmAir,
1420,9,SHI4312,2022-01-27,Tehran,Kish,09:05:00,Sepehran,
1421,9,TBN6224,2022-01-27,Tehran,Mashhad,09:05:00,Taban,
1422,9,TBN6239,2022-01-27,Tehran,Ahwaz,09:05:00,Taban,
1423,9,PRS4454,2022-01-27,Tehran,Mashhad,09:10:00,ParsAir,
1424,9,TBZ5681,2022-01-27,Tehran,BandarAbbas,09:10:00,Ata,
1425,9,IRB916,2022-01-27,Tehran,Kish,09:15:00,IranAirTour,
1426,9,QSM1291,2022-01-27,Tehran,Kermanshah,09:15:00,GheshmAir,
1427,9,IRA234,2022-01-27,Tehran,Shiraz,09:20:00,IranAir,
1428,9,TBZ5663,2022-01-27,Mashhad,Urumia,09:20:00,Ata,
1429,9,TBZ5678,2022-01-27,Urumia,Tehran,09:20:00,Ata,
1430,9,IRC618,2022-01-27,Mashhad,Yazd,09:25:00,Aseman,
1431,9,IRG2549,2022-01-27,Bushehr,Khark,09:30:00,Karun,
1432,9,QSM1277,2022-01-27,Tehran,Urumia,09:30:00,GheshmAir,
1433,9,IRZ182,2022-01-27,Tehran,BandarAbbas,09:35:00,Saha,
1434,9,CPN020,2022-01-27,Tehran,Ahwaz,09:40:00,Caspian,
1435,9,CPN6938,2022-01-27,Tehran,Abadan,09:40:00,Caspian,
1436,9,IRB983,2022-01-27,Bushehr,Mashhad,09:45:00,IranAirTour,
1437,9,CPN6900,2022-01-27,Tehran,Bushehr,09:50:00,Caspian,
1438,9,VRH5840,2022-01-27,Tehran,Mashhad,09:50:00,Varsh,
1439,10,IRC640,2022-01-27,Tehran,Tabriz,10:00:00,Aseman,
1440,10,IZG4015,2022-01-27,Tehran,Kish,10:05:00,Zagros,
1441,10,IRC838,2022-01-27,Tehran,Sanandaj,10:10:00,Aseman,
1442,10,SHI4320,2022-01-27,Tehran,Mashhad,10:10:00,Sepehran,
1443,10,IRC3850,2022-01-27,Shiraz,Mashhad,10:15:00,Aseman,
1444,10,MRJ2820,2022-01-27,Tehran,Kish,10:15:00,Meraj,
1445,10,IRB966,2022-01-27,Tehran,Mashhad,10:20:00,IranAirTour,
1446,10,KRU2527,2022-01-27,Shiraz,Lavan,10:20:00,Karun,
1447,10,KIS7104,2022-01-27,Abadan,Tehran,10:30:00,KishAir,
1448,10,TBN6297,2022-01-27,Tehran,Kish,10:30:00,Taban,
1449,10,TBZ5607,2022-01-27,Tabriz,Tehran,10:30:00,Ata,
1450,10,IRA3356,2022-01-27,Tehran,Gorgan,10:35:00,IranAir,
1451,10,IRC3804,2022-01-27,Shiraz,Kish,10:35:00,Aseman,
1452,10,IRA259,2022-01-27,Mashhad,Shiraz,10:45:00,IranAir,
1453,10,IRZ125,2022-01-27,Shiraz,Asaluyeh,10:45:00,Saha,
1454,10,CPN044,2022-01-27,Tehran,Kish,10:50:00,Caspian,
1455,10,SHI4302,2022-01-27,Shiraz,Tehran,10:50:00,Sepehran,
1456,10,TBZ5628,2022-01-27,Ahwaz,Tehran,10:50:00,Ata,
1457,10,TBZ5715,2022-01-27,Mashhad,Yazd,10:50:00,Ata,
1458,11,IRM4594,2022-01-27,Kerman,Kish,11:00:00,Mahan,
1459,11,IZG4073,2022-01-27,Tehran,Mashhad,11:00:00,Zagros,
1460,11,TBZ5689,2022-01-27,Tehran,Gheshm,11:00:00,Ata,
1461,11,VRH5866,2022-01-27,Tehran,Isfahan,11:00:00,Varsh,
1462,11,CPN022,2022-01-27,Tehran,Mashhad,11:10:00,Caspian,
1463,11,KIS7138,2022-01-27,Isfahan,BandarAbbas,11:15:00,KishAir,
1464,11,KRU2503,2022-01-27,Shiraz,Khark,11:15:00,Karun,
1465,11,TBN6223,2022-01-27,Mashhad,Tehran,11:15:00,Taban,
1466,11,IRB962,2022-01-27,Tehran,Mashhad,11:20:00,IranAirTour,
1467,11,CPN038,2022-01-27,Tehran,Shiraz,11:25:00,Caspian,
1468,11,IRA3323,2022-01-27,Tehran,Ramsar,11:30:00,IranAir,
1469,11,IZG4004,2022-01-27,Isfahan,Kish,11:30:00,Zagros,
1470,11,KIS7073,2022-01-27,Mashhad,Kish,11:30:00,KishAir,
1471,11,KIS7099,2022-01-27,Sari,Kish,11:30:00,KishAir,
1472,11,QSM1276,2022-01-27,Urumia,Tehran,11:35:00,GheshmAir,
1473,11,CPN6990,2022-01-27,Tehran,Mashhad,11:40:00,Caspian,
1474,11,QSM1284,2022-01-27,Tabriz,Ahwaz,11:40:00,GheshmAir,
1475,11,IRA3412,2022-01-27,Tehran,Bojnourd,11:45:00,IranAir,
1476,11,IRC641,2022-01-27,Tabriz,Tehran,11:45:00,Aseman,
1477,11,CPN6939,2022-01-27,Abadan,Tehran,11:50:00,Caspian,
1478,11,VRH5842,2022-01-27,Tehran,Gheshm,11:55:00,Varsh,
1479,12,IRG2555,2022-01-27,Mashhad,Mahshahr,12:00:00,Karun,
1480,12,MRJ2810,2022-01-27,Mashhad,Asaluyeh,12:00:00,Meraj,
1481,12,VRH5802,2022-01-27,Mashhad,Sari,12:00:00,Varsh,
1482,12,IZG4003,2022-01-27,Tehran,Kish,12:05:00,Zagros,
1483,12,TBZ5664,2022-01-27,Urumia,Mashhad,12:10:00,Ata,
1484,12,CPN6901,2022-01-27,Bushehr,Tehran,12:15:00,Caspian,
1485,12,IRA3376,2022-01-27,Shiraz,Kish,12:20:00,IranAir,
1486,12,PRS4460,2022-01-27,Tehran,Gheshm,12:20:00,ParsAir,
1487,12,IRB948,2022-01-27,Mashhad,Kish,12:30:00,IranAirTour,
1488,12,IRM4563,2022-01-27,Shiraz,Kerman,12:30:00,Mahan,
1489,12,VRH5856,2022-01-27,Tehran,Mashhad,12:30:00,Varsh,
1490,12,IRA3357,2022-01-27,Gorgan,Tehran,12:35:00,IranAir,
1491,12,TBZ5608,2022-01-27,Tehran,Tabriz,12:35:00,Ata,
1492,12,IRC851,2022-01-27,Zahedan,Tehran,12:40:00,Aseman,
1493,12,QSM1240,2022-01-27,Tehran,Gheshm,12:40:00,GheshmAir,
1494,12,IZG4107,2022-01-27,Mashhad,Kish,12:45:00,Zagros,
1495,12,KIS7053,2022-01-27,Tehran,Kish,12:45:00,KishAir,
1496,12,IRC853,2022-01-27,Mashhad,Zahedan,12:50:00,Aseman,
1497,12,IRZ130,2022-01-27,Tehran,Ahwaz,12:50:00,Saha,
1498,13,IRA233,2022-01-27,Shiraz,Tehran,13:00:00,IranAir,
1499,13,TBN6227,2022-01-27,Tehran,Gheshm,13:00:00,Taban,
1500,13,IRC3771,2022-01-27,Tehran,Shiraz,13:10:00,Aseman,
1501,13,TBZ5714,2022-01-27,Yazd,Mashhad,13:10:00,Ata,
1502,13,SHI4330,2022-01-27,Tehran,Gheshm,13:15:00,Sepehran,
1503,13,PYA2345,2022-01-27,Shiraz,BandarAbbas,13:20:00,Pouya,
1504,13,TBN6265,2022-01-27,Tehran,Kish,13:20:00,Taban,
1505,13,SHI4310,2022-01-27,Tehran,Mashhad,13:25:00,Sepehran,
1506,13,CPN039,2022-01-27,Shiraz,Tehran,13:30:00,Caspian,
1507,13,CPN6986,2022-01-27,Tehran,Zahedan,13:30:00,Caspian,
1508,13,IRB900,2022-01-27,Mashhad,Tabriz,13:30:00,IranAirTour,
1509,13,VRH5822,2022-01-27,Tehran,Kish,13:30:00,Varsh,
1510,13,IRC601,2022-01-27,Mashhad,Tehran,13:40:00,Aseman,
1511,13,CPN034,2022-01-27,Tehran,Isfahan,13:45:00,Caspian,
1512,13,IRC3844,2022-01-27,Tehran,Ilam,13:50:00,Aseman,
1513,13,PRS4422,2022-01-27,Shiraz,Chabahar,13:50:00,ParsAir,
1514,13,TBN6263,2022-01-27,Tehran,Kish,13:50:00,Taban,
1515,13,TBZ5609,2022-01-27,Tabriz,Tehran,13:50:00,Ata,
1516,13,QSM1220,2022-01-27,Tehran,BandarAbbas,13:55:00,GheshmAir,
1517,13,SHI4345,2022-01-27,Mashhad,Kish,13:55:00,Sepehran,56.0
1518,13,VRH5836,2022-01-27,Tehran,Shiraz,13:55:00,Varsh,
1519,14,CPN6904,2022-01-27,Mashhad,Isfahan,14:00:00,Caspian,
1520,14,VRH5803,2022-01-27,Sari,Mashhad,14:00:00,Varsh,
1521,14,IZG4043,2022-01-27,Tehran,Kerman,14:05:00,Zagros,
1522,14,IRC3710,2022-01-27,Tehran,Ardabil,14:10:00,Aseman,
1523,14,IRC620,2022-01-27,Tehran,Kermanshah,14:10:00,Aseman,
1524,14,IRM1043,2022-01-27,Tehran,Kish,14:10:00,Mahan,
1525,14,SHI4356,2022-01-27,Mashhad,Tabriz,14:10:00,Sepehran,
1526,14,QSM1211,2022-01-27,Ahwaz,Tehran,14:15:00,GheshmAir,
1527,14,IRZ123,2022-01-27,Isfahan,Asaluyeh,14:20:00,Saha,
1528,14,CPN6905,2022-01-27,Isfahan,Mashhad,14:35:00,Caspian,
1529,14,IRC852,2022-01-27,Zahedan,Mashhad,14:40:00,Aseman,
1530,14,KRU2586,2022-01-27,Tehran,Siri,14:40:00,Karun,
1531,14,IRB972,2022-01-27,Tabriz,Kish,14:45:00,IranAirTour,
1532,14,IRM1026,2022-01-27,Tehran,Ardabil,14:45:00,Mahan,
1533,14,VRH5854,2022-01-27,Mashhad,Isfahan,14:45:00,Varsh,
1534,14,CPN048,2022-01-27,Tehran,Shiraz,14:50:00,Caspian,
1535,14,TBZ5700,2022-01-27,Tehran,Gheshm,14:50:00,Ata,
1536,14,IRZ170,2022-01-27,Tehran,Mashhad,14:55:00,Saha,
1537,14,TBZ5659,2022-01-27,Tehran,Kish,14:55:00,Ata,
1538,15,FPI7434,2022-01-27,Tehran,Urumia,15:00:00,FlyPersia,
1539,15,SHI4306,2022-01-27,Mashhad,Isfahan,15:00:00,Sepehran,
1540,15,TBZ5620,2022-01-27,Mashhad,Tehran,15:00:00,Ata,
1541,15,IZG4021,2022-01-27,Tehran,Ahwaz,15:05:00,Zagros,
1542,15,SHI4350,2022-01-27,Tehran,Mashhad,15:10:00,Sepehran,
1543,15,IRA262,2022-01-27,Tehran,Mashhad,15:25:00,IranAir,
1544,15,IZG4135,2022-01-27,Mashhad,Gheshm,15:30:00,Zagros,
1545,15,TBZ5649,2022-01-27,Mashhad,Isfahan,15:30:00,Ata,
1546,15,CPN026,2022-01-27,Tehran,Mashhad,15:35:00,Caspian,
1547,15,IRA3411,2022-01-27,Tehran,Kermanshah,15:40:00,IranAir,
1548,15,IRM1054,2022-01-27,Kerman,Tehran,15:40:00,Mahan,
1549,15,TBZ5656,2022-01-27,Tehran,Sabzevar,15:40:00,Ata,
1550,15,CPN035,2022-01-27,Isfahan,Tehran,15:45:00,Caspian,
1551,15,KRU2600,2022-01-27,Tehran,Ahwaz,15:45:00,Karun,
1552,15,TBN6342,2022-01-27,Tehran,Mashhad,15:45:00,Taban,
1553,15,IRA409,2022-01-27,Tehran,Bushehr,15:50:00,IranAir,
1554,15,IRC630,2022-01-27,Tehran,Gorgan,15:50:00,Aseman,
1555,15,CPN6970,2022-01-27,Tehran,Ahwaz,15:55:00,Caspian,
1556,15,IRB984,2022-01-27,Tehran,Shiraz,15:55:00,IranAirTour,
1557,16,IRA466,2022-01-27,Tehran,Mashhad,16:00:00,IranAir,
1558,16,IRC3904,2022-01-27,Shiraz,Sari,16:00:00,Aseman,
1559,16,IRC820,2022-01-27,Tehran,Asaluyeh,16:00:00,Aseman,
1560,16,TBZ5603,2022-01-27,Tabriz,Tehran,16:00:00,Ata,
1561,16,TBZ5613,2022-01-27,Tehran,Isfahan,16:05:00,Ata,
1562,16,VRH5852,2022-01-27,Tehran,Ahwaz,16:05:00,Varsh,
1563,16,IRA3320,2022-01-27,Tehran,Sari,16:10:00,IranAir,
1564,16,MRJ2804,2022-01-27,Tehran,Mashhad,16:10:00,Meraj,
1565,16,IZG4042,2022-01-27,Kerman,Tehran,16:15:00,Zagros,
1566,16,KIS7023,2022-01-27,Isfahan,Kish,16:15:00,KishAir,
1567,16,KIS7061,2022-01-27,Shiraz,Kish,16:15:00,KishAir,
1568,16,VRH5819,2022-01-27,Mashhad,Tehran,16:15:00,Varsh,
1569,16,CPN6987,2022-01-27,Zahedan,Tehran,16:20:00,Caspian,
1570,16,IRA3471,2022-01-27,Tehran,Ahwaz,16:20:00,IranAir,
1571,16,CPN6908,2022-01-27,Tehran,Shiraz,16:25:00,Caspian,
1572,16,CPN6984,2022-01-27,Tehran,Kish,16:25:00,Caspian,
1573,16,IRB912,2022-01-27,Tehran,BandarAbbas,16:30:00,IranAirTour,
1574,16,KIS7121,2022-01-27,Yazd,Kish,16:30:00,KishAir,
1575,16,IRA235,2022-01-27,Shiraz,Tehran,16:40:00,IranAir,
1576,16,KRU2608,2022-01-27,Tehran,Yazd,16:40:00,Karun,
1577,16,IRB901,2022-01-27,Tabriz,Mashhad,16:45:00,IranAirTour,
1578,16,IRB937,2022-01-27,Tabriz,Tehran,16:45:00,IranAirTour,
1579,16,IRC3851,2022-01-27,Mashhad,Shiraz,16:45:00,Aseman,
1580,16,MRJ2803,2022-01-27,Mashhad,Tehran,16:45:00,Meraj,
1581,16,CPN6919,2022-01-27,Shiraz,Mashhad,16:50:00,Caspian,
1582,16,SHI4357,2022-01-27,Tabriz,Mashhad,16:50:00,Sepehran,
1583,17,IRZ171,2022-01-27,Mashhad,Tehran,17:05:00,Saha,
1584,17,IZG4020,2022-01-27,Ahwaz,Tehran,17:05:00,Zagros,
1585,17,PRS4463,2022-01-27,Gorgan,Gheshm,17:10:00,ParsAir,
1586,17,TBZ5627,2022-01-27,Tehran,Ahwaz,17:10:00,Ata,
1587,17,IZG4019,2022-01-27,Tehran,BandarAbbas,17:15:00,Zagros,
1588,17,KIS7081,2022-01-27,Tehran,Kish,17:15:00,KishAir,
1589,17,VRH5855,2022-01-27,Isfahan,Mashhad,17:15:00,Varsh,
1590,17,IRA3312,2022-01-27,Tehran,Isfahan,17:20:00,IranAir,
1591,17,IRC3730,2022-01-27,Gorgan,Zabol,17:20:00,Aseman,
1592,17,IRA3383,2022-01-27,Isfahan,BandarAbbas,17:25:00,IranAir,
1593,17,IRC3806,2022-01-27,Shiraz,Kish,17:25:00,Aseman,
1594,17,IRC3890,2022-01-27,Shiraz,Ahwaz,17:25:00,Aseman,
1595,17,VRH5824,2022-01-27,Tehran,Kish,17:25:00,Varsh,
1596,17,SHI4307,2022-01-27,Isfahan,Mashhad,17:30:00,Sepehran,
1597,17,TBZ5646,2022-01-27,Tehran,Tabriz,17:35:00,Ata,
1598,17,IRC3854,2022-01-27,Tehran,Urumia,17:40:00,Aseman,
1599,17,MRJ2818,2022-01-27,Tehran,Kish,17:45:00,Meraj,
1600,17,TBN6341,2022-01-27,Mashhad,Tehran,17:45:00,Taban,
1601,17,IRC624,2022-01-27,Tehran,Kermanshah,17:50:00,Aseman,
1602,18,QSM1218,2022-01-27,Tehran,Bushehr,18:00:00,GheshmAir,
1603,18,TBZ5614,2022-01-27,Isfahan,Tehran,18:00:00,Ata,
1604,18,TBZ5650,2022-01-27,Isfahan,Mashhad,18:00:00,Ata,
1605,18,TBN6275,2022-01-27,Tehran,Ahwaz,18:05:00,Taban,
1606,18,TBZ5604,2022-01-27,Tehran,Tabriz,18:05:00,Ata,
1607,18,IRA467,2022-01-27,Mashhad,Tehran,18:15:00,IranAir,
1608,18,IRB985,2022-01-27,Shiraz,Tehran,18:15:00,IranAirTour,
1609,18,KIS7129,2022-01-27,Tehran,Kish,18:15:00,KishAir,
1610,18,VRH5853,2022-01-27,Ahwaz,Tehran,18:15:00,Varsh,
1611,18,IRA408,2022-01-27,Bushehr,Tehran,18:20:00,IranAir,
1612,18,IRM1055,2022-01-27,Tehran,Kerman,18:20:00,Mahan,20.0
1613,18,KRU2642,2022-01-27,Tehran,Ahwaz,18:25:00,Karun,
1614,18,CPN6909,2022-01-27,Shiraz,Tehran,18:30:00,Caspian,
1615,18,CPN6991,2022-01-27,Mashhad,Tehran,18:30:00,Caspian,
1616,18,KRU2609,2022-01-27,Yazd,Tehran,18:30:00,Karun,
1617,18,KRU2587,2022-01-27,Shiraz,Siri,18:40:00,Karun,
1618,18,TBN6222,2022-01-27,Tehran,Mashhad,18:40:00,Taban,
1619,18,TBZ5641,2022-01-27,Mashhad,Ahwaz,18:40:00,Ata,
1620,18,IRA3386,2022-01-27,Ahwaz,Shiraz,18:45:00,IranAir,
1621,18,SHI4332,2022-01-27,Tehran,BandarAbbas,18:45:00,Sepehran,
1622,18,PRS4407,2022-01-27,Shiraz,Tehran,18:50:00,ParsAir,
1623,19,VRH5814,2022-01-27,Tehran,BandarAbbas,19:00:00,Varsh,
1624,19,IZG4071,2022-01-27,Tehran,Kish,19:05:00,Zagros,
1625,19,KRU2604,2022-01-27,Tehran,Ahwaz,19:05:00,Karun,
1626,19,TBN6252,2022-01-27,Tehran,Mashhad,19:10:00,Taban,
1627,19,IZG4049,2022-01-27,Tehran,Zahedan,19:15:00,Zagros,
1628,19,QSM1224,2022-01-27,Tehran,Kish,19:15:00,GheshmAir,
1629,19,QSM1304,2022-01-27,Tehran,Asaluyeh,19:15:00,GheshmAir,
1630,19,TBN6245,2022-01-27,Tehran,Ahwaz,19:15:00,Taban,
1631,19,IRA3451,2022-01-27,Isfahan,Rasht,19:20:00,IranAir,
1632,19,IRC3891,2022-01-27,Ahwaz,Shiraz,19:20:00,Aseman,
1633,19,IRZ156,2022-01-27,Tehran,Shiraz,19:20:00,Saha,
1634,19,IRZ172,2022-01-27,Tehran,Bushehr,19:20:00,Saha,
1635,19,IRC3855,2022-01-27,Urumia,Tehran,19:25:00,Aseman,
1636,19,IRC3776,2022-01-27,Shiraz,Tehran,19:35:00,Aseman,
1637,19,TBZ5712,2022-01-27,Tehran,Kish,19:35:00,Ata,
1638,19,IRB976,2022-01-27,Mashhad,Abadan,19:45:00,IranAirTour,
1639,19,VRH5857,2022-01-27,Mashhad,Tehran,19:45:00,Varsh,
1640,19,CPN028,2022-01-27,Tehran,Mashhad,19:50:00,Caspian,
1641,20,SHI4341,2022-01-27,Mashhad,Tehran,20:00:00,Sepehran,
1642,20,TBZ5680,2022-01-27,Tehran,Urumia,20:00:00,Ata,
1643,20,SHI4338,2022-01-27,Mashhad,Ahwaz,20:05:00,Sepehran,
1644,20,VRH5872,2022-01-27,Tehran,Bushehr,20:05:00,Varsh,
1645,20,IRA3417,2022-01-27,Tehran,Dezfoul,20:15:00,IranAir,
1646,20,QSM1219,2022-01-27,Bushehr,Tehran,20:15:00,GheshmAir,
1647,20,SHI4314,2022-01-27,Tehran,Bushehr,20:15:00,Sepehran,
1648,20,TBN6326,2022-01-27,Tehran,Mashhad,20:20:00,Taban,
1649,20,KRU2610,2022-01-27,Tehran,Dezfoul,20:25:00,Karun,
1650,20,MRJ2862,2022-01-27,Isfahan,Mashhad,20:25:00,Meraj,
1651,20,FPI7401,2022-01-27,Tehran,Shiraz,20:30:00,FlyPersia,
1652,20,IRC610,2022-01-27,Tehran,Mashhad,20:30:00,Aseman,
1653,20,SHI4308,2022-01-27,Shiraz,Tehran,20:30:00,Sepehran,
1654,20,IRC3744,2022-01-27,Tehran,Yazd,20:35:00,Aseman,
1655,20,CPN018,2022-01-27,Tehran,Ahwaz,20:40:00,Caspian,
1656,20,TBZ5732,2022-01-27,Mashhad,Tehran,20:40:00,Ata,
1657,20,IRA468,2022-01-27,Tehran,Mashhad,20:45:00,IranAir,
1658,20,IRZ173,2022-01-27,Bushehr,Tehran,20:45:00,Saha,
1659,20,IRB988,2022-01-27,Tehran,Ahwaz,20:50:00,IranAirTour,
1660,20,IRA458,2022-01-27,Tehran,BandarAbbas,20:55:00,IranAir,
1661,20,IRC3778,2022-01-27,Shiraz,Tehran,20:55:00,Aseman,
1662,21,IZG4056,2022-01-27,Mashhad,Tehran,21:00:00,Zagros,
1663,21,TBN6257,2022-01-27,Mashhad,Tehran,21:00:00,Taban,
1664,21,TBZ5623,2022-01-27,Tehran,Shiraz,21:00:00,Ata,
1665,21,IZG4011,2022-01-27,Tehran,Shiraz,21:10:00,Zagros,
1666,21,TBN6258,2022-01-27,Tehran,Mashhad,21:10:00,Taban,
1667,21,IRC3750,2022-01-27,Tehran,Abadan,21:15:00,Aseman,
1668,21,IZG4113,2022-01-27,Mashhad,Ahwaz,21:15:00,Zagros,
1669,21,KIS7025,2022-01-27,Tehran,Kish,21:15:00,KishAir,
1670,21,IRZ157,2022-01-27,Shiraz,Tehran,21:20:00,Saha,
1671,21,QSM1294,2022-01-27,Tehran,Gorgan,21:20:00,GheshmAir,
1672,21,TBN6251,2022-01-27,Mashhad,Tehran,21:30:00,Taban,
1673,21,IRC830,2022-01-27,Tehran,Ahwaz,21:40:00,Aseman,
1674,21,CPN049,2022-01-27,Shiraz,Tehran,21:45:00,Caspian,
1675,21,IRC3818,2022-01-27,Shiraz,Abadan,21:50:00,Aseman,
1676,22,IRM1080,2022-01-27,Mashhad,Tehran,22:00:00,Mahan,
1677,22,KIS7125,2022-01-27,Tehran,Kish,22:00:00,KishAir,
1678,22,PRS4442,2022-01-27,Tehran,Yazd,22:00:00,ParsAir,
1679,22,CPN029,2022-01-27,Mashhad,Tehran,22:05:00,Caspian,
1680,22,IRC3777,2022-01-27,Tehran,Shiraz,22:05:00,Aseman,
1681,22,TBZ5606,2022-01-27,Tehran,Tabriz,22:05:00,Ata,
1682,22,KRU2644,2022-01-27,Tehran,Ahwaz,22:15:00,Karun,
1683,22,IRB977,2022-01-27,Abadan,Mashhad,22:20:00,IranAirTour,
1684,22,TBZ5629,2022-01-27,Tehran,Mashhad,22:20:00,Ata,
1685,22,SHI4340,2022-01-27,Tehran,Mashhad,22:30:00,Sepehran,
1686,22,TBN6327,2022-01-27,Mashhad,Tehran,22:30:00,Taban,
1687,22,IRA3470,2022-01-27,Ahwaz,Tehran,22:35:00,IranAir,
1688,22,KRU2622,2022-01-27,Isfahan,Ahwaz,22:35:00,Karun,
1689,22,IRA3427,2022-01-27,Yazd,Tehran,22:40:00,IranAir,
1690,22,IRC831,2022-01-27,Ahwaz,Tehran,22:40:00,Aseman,
1691,22,SHI4339,2022-01-27,Ahwaz,Mashhad,22:45:00,Sepehran,
1692,23,IRC611,2022-01-27,Mashhad,Tehran,23:00:00,Aseman,
1693,23,TBN6256,2022-01-27,Tehran,Mashhad,23:00:00,Taban,
1694,23,VRH5841,2022-01-27,Mashhad,Tehran,23:00:00,Varsh,
1695,23,IRC3745,2022-01-27,Yazd,Tehran,23:20:00,Aseman,
1696,23,IRC3751,2022-01-27,Abadan,Tehran,23:20:00,Aseman,
1697,23,IRC3779,2022-01-27,Tehran,Shiraz,23:20:00,Aseman,
1698,23,IZG4057,2022-01-27,Tehran,Mashhad,23:30:00,Zagros,
1699,23,SHI4367,2022-01-27,Abadan,Mashhad,23:45:00,Sepehran,
